-- REGISTROS CLIENTE
INSERT INTO KaraokeV3.Cliente (telefono,nombre,apellido,email,genero) VALUES
	 ('600 129 792','Ledicia','Luna','LedLun@gmail.com','M'),
	 ('600 363 547','Marieta','Arroyo','MarArr@gmail.com','M'),
	 ('600 887 021','Jeanette','Torres','JeaTor@gmail.com','M'),
	 ('601 418 120','Laelia','Barrientos','LaeBar@gmail.com','M'),
	 ('601 473 979','Minna','Madera','MinMad@gmail.com','F'),
	 ('601 480 267','Bahía','López','BahLóp@gmail.com','F'),
	 ('601 738 916','Santo','Cordova','SanCor@gmail.com','F'),
	 ('601 748 732','Filebert','Villaseñor','FilVil@gmail.com','M'),
	 ('601 803 836','Honorina','Cisneros','HonCis@gmail.com','M'),
	 ('601 938 200','Nahuel','Ortiz','NahOrt@gmail.com','F');
INSERT INTO KaraokeV3.Cliente (telefono,nombre,apellido,email,genero) VALUES
	 ('601 981 073','Maximilian','Cortez','MaxCor@gmail.com','M'),
	 ('602 131 004','Darlene','Longoria','DarLon@gmail.com','M'),
	 ('602 384 670','Selemías','Lomeli','SelLom@gmail.com','F'),
	 ('602 572 993','Laila','Cabán','LaiCab@gmail.com','M'),
	 ('602 604 283','Yamel','Vera','YamVer@gmail.com','F'),
	 ('602 702 112','Gisela','Sanabria','GisSan@gmail.com','M'),
	 ('602 835 917','Sempronio','Villaseñor','SemVil@gmail.com','F'),
	 ('604 184 846','Dion','Burgos','DioBur@gmail.com','M'),
	 ('604 235 231','Bianca','Ceballos','BiaCeb@gmail.com','M'),
	 ('604 289 957','Lola','Ávila','LolÁvi@gmail.com','F');
INSERT INTO KaraokeV3.Cliente (telefono,nombre,apellido,email,genero) VALUES
	 ('604 388 297','Edwin','Pina','EdwPin@gmail.com','M'),
	 ('604 527 327','Argento','Aparicio','ArgApa@gmail.com','M'),
	 ('604 551 064','Juana','Mayonga','JuaMay@gmail.com','M'),
	 ('605 098 729','Generoso','Chavarría','GenCha@gmail.com','F'),
	 ('605 112 874','Eufemio','Chávez','EufChá@gmail.com','M'),
	 ('605 134 427','Anthony','Hidalgo','AntHid@gmail.com','M'),
	 ('605 226 856','Johann','Alva','JohAlv@gmail.com','M'),
	 ('605 228 190','Clementino','Angulo','CleAng@gmail.com','M'),
	 ('605 541 698','Tito','Chacón','TitCha@gmail.com','M'),
	 ('605 645 737','Lisístrato','Zavala','LisZav@gmail.com','F');
INSERT INTO KaraokeV3.Cliente (telefono,nombre,apellido,email,genero) VALUES
	 ('605 673 421','Tosca','Ceja','TosCej@gmail.com','M'),
	 ('605 685 284','Montana','Guardado','MonGua@gmail.com','F'),
	 ('605 698 018','Junior','Villagómez','JunVil@gmail.com','F'),
	 ('605 728 838','Aglaya','Godoy','AglGod@gmail.com','F'),
	 ('605 833 798','Cesare','Meza','CesMez@gmail.com','F'),
	 ('605 890 199','Selina','Bonilla','SelBon@gmail.com','F'),
	 ('606 049 065','Noelino','Alarcón','NoeAla@gmail.com','F'),
	 ('606 559 443','Baudelio','Serrano','BauSer@gmail.com','F'),
	 ('606 804 831','Ozana','Linares','OzaLin@gmail.com','M'),
	 ('606 811 736','Eilal','Zepeda','EilZep@gmail.com','F');
INSERT INTO KaraokeV3.Cliente (telefono,nombre,apellido,email,genero) VALUES
	 ('606 991 863','Ainoa','Soliz','AinSol@gmail.com','M'),
	 ('607 053 831','Hércules','Ruelas','HérRue@gmail.com','M'),
	 ('607 467 618','Adalia','Barrera','AdaBar@gmail.com','M'),
	 ('607 732 917','Fortuna','Farías','ForFar@gmail.com','F'),
	 ('607 769 886','Digna','Adomo','DigAdo@gmail.com','F'),
	 ('608 060 397','Maximilian','Covarrubias','MaxCov@gmail.com','M'),
	 ('608 114 960','Crisanto','Gallegos','CriGal@gmail.com','M'),
	 ('608 171 122','Tirsa','Villanueva','TirVil@gmail.com','F'),
	 ('608 200 834','Shirly','Balderas','ShiBal@gmail.com','M'),
	 ('608 217 241','Caitán','Pizarro','CaiPiz@gmail.com','M');
INSERT INTO KaraokeV3.Cliente (telefono,nombre,apellido,email,genero) VALUES
	 ('608 238 286','Luz','Ulloa','LuzUll@gmail.com','F'),
	 ('608 259 388','Ellen','Leal','EllLea@gmail.com','F'),
	 ('608 763 419','Aymara','Callas','AymCal@gmail.com','M'),
	 ('609 321 219','Sabra','Robles','SabRob@gmail.com','M'),
	 ('609 407 982','Laura','Cavazos','LauCav@gmail.com','F'),
	 ('609 577 643','Geranio','Negrete','GerNeg@gmail.com','F'),
	 ('609 653 973','Shakira','Nieto','ShaNie@gmail.com','M'),
	 ('609 826 358','Kirios','Lozano','KirLoz@gmail.com','F'),
	 ('610 033 789','Fatima','Burgos','FatBur@gmail.com','M'),
	 ('610 338 910','Lua','Cazares','LuaCaz@gmail.com','F');
INSERT INTO KaraokeV3.Cliente (telefono,nombre,apellido,email,genero) VALUES
	 ('610 645 076','Cátulo','Colón','CátCol@gmail.com','M'),
	 ('610 832 778','Leontino','Rivera','LeoRiv@gmail.com','M'),
	 ('611 055 596','Cleodora','López','CleLóp@gmail.com','F'),
	 ('611 060 661','Eufrasia','Camarillo','EufCam@gmail.com','M'),
	 ('611 518 508','Enmanuel','Barragán','EnmBar@gmail.com','M'),
	 ('611 594 914','Venancio','Valencia','VenVal@gmail.com','F'),
	 ('611 813 141','Laszlo','Vázquez','LasVáz@gmail.com','M'),
	 ('612 094 012','Valiant','Dueñas','ValDue@gmail.com','M'),
	 ('612 584 296','Raynaldo','Jiménez','RayJim@gmail.com','M'),
	 ('612 682 569','Aisha','Uribe','AisUri@gmail.com','F');
INSERT INTO KaraokeV3.Cliente (telefono,nombre,apellido,email,genero) VALUES
	 ('612 708 301','Polifemo','Rentería','PolRen@gmail.com','F'),
	 ('612 888 116','Arandú','Segovia','AraSeg@gmail.com','F'),
	 ('613 538 660','Maimara','Franco','MaiFra@gmail.com','F'),
	 ('613 542 566','Michael','Dávila','MicDáv@gmail.com','F'),
	 ('613 587 724','Nicole','Rosario','NicRos@gmail.com','F'),
	 ('613 615 649','Bab','Gracia','BabGra@gmail.com','F'),
	 ('613 691 553','Dimitri','Barela','DimBar@gmail.com','F'),
	 ('613 761 374','Ailín','Salinas','AilSal@gmail.com','M'),
	 ('613 765 636','Obdulia','Griego','ObdGri@gmail.com','F'),
	 ('613 795 155','Eros','Fuentes','EroFue@gmail.com','M');
INSERT INTO KaraokeV3.Cliente (telefono,nombre,apellido,email,genero) VALUES
	 ('613 900 065','Doris','Garibay','DorGar@gmail.com','M'),
	 ('613 990 314','Abdías','Pizarro','AbdPiz@gmail.com','M'),
	 ('614 066 860','Tabatha','Bañuelos','TabBañ@gmail.com','M'),
	 ('614 262 275','Hippolyte','Alanis','HipAla@gmail.com','M'),
	 ('614 383 135','Pantaleón','Flores','PanFlo@gmail.com','M'),
	 ('615 336 667','Doria','Altamirano','DorAlt@gmail.com','M'),
	 ('615 426 327','Procopio','Rascón','ProRas@gmail.com','M'),
	 ('615 525 519','Baco','Uribe','BacUri@gmail.com','M'),
	 ('615 764 491','Domitila','Rolón','DomRol@gmail.com','F'),
	 ('616 490 234','Branko','Olivera','BraOli@gmail.com','M');
INSERT INTO KaraokeV3.Cliente (telefono,nombre,apellido,email,genero) VALUES
	 ('616 517 602','Dionel','Pacheco','DioPac@gmail.com','F'),
	 ('617 216 755','Juancruz','Godínez','JuaGod@gmail.com','M'),
	 ('617 533 234','Renán','Tapia','RenTap@gmail.com','M'),
	 ('617 691 676','Nereo','Rodarte','NerRod@gmail.com','F'),
	 ('618 100 343','Gaudencio','Iglesias','GauIgl@gmail.com','M'),
	 ('618 111 241','Kistiñe','Apodaca','KisApo@gmail.com','F'),
	 ('618 140 751','Dommina','Posada','DomPos@gmail.com','F'),
	 ('618 518 721','Antu','Medrano','AntMed@gmail.com','F'),
	 ('618 593 092','Rafael','Pulido','RafPul@gmail.com','M'),
	 ('618 906 437','Lewis','Granado','LewGra@gmail.com','M');
INSERT INTO KaraokeV3.Cliente (telefono,nombre,apellido,email,genero) VALUES
	 ('619 292 131','Alize','Garibay','AliGar@gmail.com','M'),
	 ('619 398 568','Pelagia','Aragón','PelAra@gmail.com','F'),
	 ('619 504 004','Alan','Jaramillo','AlaJar@gmail.com','M'),
	 ('619 806 169','Albina','Benavides','AlbBen@gmail.com','F'),
	 ('620 182 362','Ariel','Olivárez','AriOli@gmail.com','F'),
	 ('620 244 369','Anahid','Barajas','AnaBar@gmail.com','F'),
	 ('620 446 991','Vitalia','Covarrubias','VitCov@gmail.com','F'),
	 ('620 470 784','Sabela','Esquibel','SabEsq@gmail.com','F'),
	 ('620 528 390','Rivi','Vallejo','RivVal@gmail.com','M'),
	 ('620 662 941','Tea','Guerrero','TeaGue@gmail.com','F');
INSERT INTO KaraokeV3.Cliente (telefono,nombre,apellido,email,genero) VALUES
	 ('620 726 514','Maitena','Duarte','MaiDua@gmail.com','F'),
	 ('620 754 072','Noe','Alcaraz','NoeAlc@gmail.com','M'),
	 ('620 939 167','Natal','Parra','NatPar@gmail.com','M'),
	 ('620 980 110','Pimpinela','Saldana','PimSal@gmail.com','F'),
	 ('621 146 676','Blas','Lomeli','BlaLom@gmail.com','M'),
	 ('621 194 735','Dora','Pena','DorPen@gmail.com','M'),
	 ('621 367 640','Diocles','Solís','DioSol@gmail.com','M'),
	 ('621 573 512','Hubert','Aguilar','HubAgu@gmail.com','F'),
	 ('621 667 223','Guinerve','Luevano','GuiLue@gmail.com','M'),
	 ('621 958 615','Saverio','Malave','SavMal@gmail.com','M');
INSERT INTO KaraokeV3.Cliente (telefono,nombre,apellido,email,genero) VALUES
	 ('621 982 019','Yoko','Aguilar','YokAgu@gmail.com','M'),
	 ('622 007 413','Matteo','López','MatLóp@gmail.com','M'),
	 ('622 082 992','Reuquén','Sarabia','ReuSar@gmail.com','M'),
	 ('622 223 772','Zoila','Cabrera','ZoiCab@gmail.com','F'),
	 ('622 462 365','Nevio','Ruiz','NevRui@gmail.com','F'),
	 ('622 579 322','Isabel','Curiel','IsaCur@gmail.com','F'),
	 ('622 647 641','Sharif','Paez','ShaPae@gmail.com','F'),
	 ('622 678 479','José Luis','Betancourt','JosBet@gmail.com','M'),
	 ('622 706 015','Dayanira','Valles','DayVal@gmail.com','F'),
	 ('622 795 109','Víctor','Negrete','VícNeg@gmail.com','F');
INSERT INTO KaraokeV3.Cliente (telefono,nombre,apellido,email,genero) VALUES
	 ('622 935 487','Itaete','Aguirre','ItaAgu@gmail.com','F'),
	 ('623 331 788','Huara','Alba','HuaAlb@gmail.com','F'),
	 ('623 334 116','Elea','Llarnas','EleLla@gmail.com','M'),
	 ('623 520 955','Harumi','Ramírez','HarRam@gmail.com','F'),
	 ('623 736 097','Evasio','Montenegro','EvaMon@gmail.com','F'),
	 ('623 744 130','Benet','Ontiveros','BenOnt@gmail.com','F'),
	 ('623 793 727','Diva','Suárez','DivSuá@gmail.com','M'),
	 ('624 059 909','Ryder','Carranza','RydCar@gmail.com','M'),
	 ('624 175 625','Peer','Valles','PeeVal@gmail.com','M'),
	 ('624 344 757','Heldo','Peres','HelPer@gmail.com','M');
INSERT INTO KaraokeV3.Cliente (telefono,nombre,apellido,email,genero) VALUES
	 ('624 758 567','Kaiane','Ferrer','KaiFer@gmail.com','F'),
	 ('625 056 126','Kistiñe','Nieto','KisNie@gmail.com','F'),
	 ('625 162 453','Rachelle','Vasquez','RacVas@gmail.com','M'),
	 ('625 211 862','Mapril','Castaneda','MapCas@gmail.com','F'),
	 ('625 594 523','Beda','Carrión','BedCar@gmail.com','F'),
	 ('625 762 598','Yrko','Gaytan','YrkGay@gmail.com','M'),
	 ('626 390 162','Arydea','Zapata','AryZap@gmail.com','F'),
	 ('626 417 759','Adalgiso','Dávila','AdaDáv@gmail.com','F'),
	 ('626 583 607','Emna','Soria','EmnSor@gmail.com','F'),
	 ('626 600 816','Emilse','Granados','EmiGra@gmail.com','M');
INSERT INTO KaraokeV3.Cliente (telefono,nombre,apellido,email,genero) VALUES
	 ('627 113 999','Nicéforo','Luevano','NicLue@gmail.com','M'),
	 ('627 313 885','Espartaco','Mesa','EspMes@gmail.com','F'),
	 ('627 744 209','Nurit','Abrego','NurAbr@gmail.com','M'),
	 ('627 926 677','Nasha','Benavides','NasBen@gmail.com','M'),
	 ('628 090 705','Eda','González','EdaGon@gmail.com','F'),
	 ('628 187 753','Virgil','Rael','VirRae@gmail.com','F'),
	 ('628 228 090','Santo','Chavarría','SanCha@gmail.com','F'),
	 ('628 422 871','Ibar','Garibay','IbaGar@gmail.com','F'),
	 ('628 532 384','Habrilia','Romo','HabRom@gmail.com','M'),
	 ('628 712 918','Cloe','Monroy','CloMon@gmail.com','F');
INSERT INTO KaraokeV3.Cliente (telefono,nombre,apellido,email,genero) VALUES
	 ('628 809 095','Aniano','Blanco','AniBla@gmail.com','M'),
	 ('629 341 952','Amelio','Valentín','AmeVal@gmail.com','F'),
	 ('629 644 099','Lila','Navarrete','LilNav@gmail.com','M'),
	 ('629 706 536','Henrey','Yáñez','HenYáñ@gmail.com','M'),
	 ('630 346 540','Viridiana','Sosa','VirSos@gmail.com','M'),
	 ('630 407 955','Eufemia','Dueñas','EufDue@gmail.com','M'),
	 ('630 634 661','Quinta','Alarcón','QuiAla@gmail.com','M'),
	 ('630 785 073','Ofir','Pabón','OfiPab@gmail.com','F'),
	 ('630 796 746','Wilfredo','Ramón','WilRam@gmail.com','F'),
	 ('631 013 647','Evangeline','Betancourt','EvaBet@gmail.com','F');
INSERT INTO KaraokeV3.Cliente (telefono,nombre,apellido,email,genero) VALUES
	 ('631 050 973','Nicon','Negrete','NicNeg@gmail.com','F'),
	 ('631 058 916','Caitán','Carrera','CaiCar@gmail.com','M'),
	 ('631 199 493','Austín','Enríquez','AusEnr@gmail.com','F'),
	 ('631 302 434','Urso','Alva','UrsAlv@gmail.com','M'),
	 ('632 439 148','Prometeo','Rolón','ProRol@gmail.com','M'),
	 ('632 446 146','Apia','Fonseca','ApiFon@gmail.com','F'),
	 ('632 454 133','Venancia','Mireles','VenMir@gmail.com','F'),
	 ('633 119 006','Casto','Estrada','CasEst@gmail.com','F'),
	 ('633 132 503','Liborio','Treviño','LibTre@gmail.com','M'),
	 ('633 192 897','Liliana','Valverde','LilVal@gmail.com','M');
INSERT INTO KaraokeV3.Cliente (telefono,nombre,apellido,email,genero) VALUES
	 ('633 500 719','Fidelia','Valencia','FidVal@gmail.com','M'),
	 ('633 695 466','Mendel','Sandoval','MenSan@gmail.com','F'),
	 ('634 253 745','Nerio','Almonte','NerAlm@gmail.com','M'),
	 ('634 405 074','Semira','Fuentes','SemFue@gmail.com','F'),
	 ('634 583 211','Omer','Téllez','OmeTél@gmail.com','F'),
	 ('634 747 115','Servio','Rivas','SerRiv@gmail.com','F'),
	 ('634 914 947','Baal','Sedillo','BaaSed@gmail.com','M'),
	 ('634 924 941','Ubaldina','Solorio','UbaSol@gmail.com','M'),
	 ('635 250 731','Semarias','Anaya','SemAna@gmail.com','M'),
	 ('635 555 339','Anisio','Alaniz','AniAla@gmail.com','M');
INSERT INTO KaraokeV3.Cliente (telefono,nombre,apellido,email,genero) VALUES
	 ('635 614 277','Alceo','Gutiérrez','AlcGut@gmail.com','M'),
	 ('635 639 699','Lazzaro','Luevano','LazLue@gmail.com','F'),
	 ('636 288 615','Ebony','Fierro','EboFie@gmail.com','M'),
	 ('636 476 868','Esther','López','EstLóp@gmail.com','M'),
	 ('637 077 726','Adhelmar','Baeza','AdhBae@gmail.com','F'),
	 ('637 142 086','Nale','Salas','NalSal@gmail.com','M'),
	 ('637 567 811','Ansaldo','Melgar','AnsMel@gmail.com','F'),
	 ('637 675 921','Matteo','Cuellar','MatCue@gmail.com','F'),
	 ('637 968 313','Azrael','Huerta','AzrHue@gmail.com','M'),
	 ('638 310 099','Eleodoro','Maya','EleMay@gmail.com','M');
INSERT INTO KaraokeV3.Cliente (telefono,nombre,apellido,email,genero) VALUES
	 ('638 415 776','Ray','Veliz','RayVel@gmail.com','M'),
	 ('638 539 434','Herbet','Guajardo','HerGua@gmail.com','F'),
	 ('638 585 418','Domiciano','Balderas','DomBal@gmail.com','F'),
	 ('638 610 572','Lair','Colón','LaiCol@gmail.com','F'),
	 ('639 239 511','Desdémona','Aguilera','DesAgu@gmail.com','M'),
	 ('639 296 633','Amelio','Contreras','AmeCon@gmail.com','M'),
	 ('639 331 602','Millaray','Abreu','MilAbr@gmail.com','F'),
	 ('639 358 928','Queila','Cintrón','QueCin@gmail.com','F'),
	 ('639 667 698','Douglas','Espinosa','DouEsp@gmail.com','M'),
	 ('639 780 808','Klaus','Pizarro','KlaPiz@gmail.com','F');
INSERT INTO KaraokeV3.Cliente (telefono,nombre,apellido,email,genero) VALUES
	 ('639 807 888','Indes','Mateo','IndMat@gmail.com','F'),
	 ('640 645 058','Haig','Meraz','HaiMer@gmail.com','F'),
	 ('640 713 625','Marcel','Olivares','MarOli@gmail.com','F'),
	 ('640 748 303','Lolly','Amaya','LolAma@gmail.com','F'),
	 ('641 140 509','Faust','Rosado','FauRos@gmail.com','M'),
	 ('641 223 760','Haig','Ruelas','HaiRue@gmail.com','M'),
	 ('641 346 213','Amós','Alarcón','AmóAla@gmail.com','F'),
	 ('641 482 466','Giovanna','Saenz','GioSae@gmail.com','F'),
	 ('641 653 983','Araxi','Saavedra','AraSaa@gmail.com','F'),
	 ('643 404 553','Umbelina','Muñiz','UmbMuñ@gmail.com','F');
INSERT INTO KaraokeV3.Cliente (telefono,nombre,apellido,email,genero) VALUES
	 ('644 235 735','Ion','Balderas','IonBal@gmail.com','M'),
	 ('644 679 366','Baruc','Ruiz','BarRui@gmail.com','M'),
	 ('644 683 927','Dédalo','Enríquez','DédEnr@gmail.com','F'),
	 ('644 805 227','Magno','Esparza','MagEsp@gmail.com','M'),
	 ('644 953 008','Ilya','Valencia','IlyVal@gmail.com','M'),
	 ('645 042 638','Escipion','Valdivia','EscVal@gmail.com','M'),
	 ('645 281 165','Aglae','Pagan','AglPag@gmail.com','F'),
	 ('646 239 332','Calístrato','Camarillo','CalCam@gmail.com','F'),
	 ('646 624 713','Eliana','Lucio','EliLuc@gmail.com','M'),
	 ('646 703 662','Ray','Zúñiga','RayZúñ@gmail.com','M');
INSERT INTO KaraokeV3.Cliente (telefono,nombre,apellido,email,genero) VALUES
	 ('646 989 712','Jocelin','Gaytan','JocGay@gmail.com','M'),
	 ('646 996 370','Baco','Carreón','BacCar@gmail.com','F'),
	 ('647 098 513','Zaba','Almanza','ZabAlm@gmail.com','M'),
	 ('647 222 095','Salomón','Pantoja','SalPan@gmail.com','F'),
	 ('647 950 476','Donina','Sauceda','DonSau@gmail.com','M'),
	 ('648 082 650','Hedda','Navarrete','HedNav@gmail.com','F'),
	 ('648 171 292','Querubín','Ybarra','QueYba@gmail.com','F'),
	 ('648 738 040','Floriana','Ulloa','FloUll@gmail.com','F'),
	 ('648 872 548','Evangelino','Ornelas','EvaOrn@gmail.com','F'),
	 ('648 926 567','Plutón','Naranjo','PluNar@gmail.com','M');
INSERT INTO KaraokeV3.Cliente (telefono,nombre,apellido,email,genero) VALUES
	 ('649 358 734','Acab','Armijo','AcaArm@gmail.com','M'),
	 ('649 723 039','Periandro','Acosta','PerAco@gmail.com','M'),
	 ('649 853 102','Ezechiel','Valles','EzeVal@gmail.com','F'),
	 ('649 862 573','Pantaleón','Lucio','PanLuc@gmail.com','M'),
	 ('649 877 527','Aldous','Baeza','AldBae@gmail.com','F'),
	 ('650 352 483','Branko','Holguín','BraHol@gmail.com','M'),
	 ('650 693 352','Valeriano','Díaz','ValDía@gmail.com','M'),
	 ('651 824 336','Ezra','Zamudio','EzrZam@gmail.com','F'),
	 ('652 138 634','Diadema','Galindo','DiaGal@gmail.com','F'),
	 ('652 239 616','Adria','Muñoz','AdrMuñ@gmail.com','F');
INSERT INTO KaraokeV3.Cliente (telefono,nombre,apellido,email,genero) VALUES
	 ('652 492 952','Orencio','Benítez','OreBen@gmail.com','M'),
	 ('652 639 053','Day','Chavarría','DayCha@gmail.com','F'),
	 ('652 653 951','Onésimo','Peres','OnéPer@gmail.com','F'),
	 ('652 744 157','Elisabeth','Gil','EliGil@gmail.com','M'),
	 ('652 910 035','Merlin','Tello','MerTel@gmail.com','F'),
	 ('653 245 033','Kalil','Garza','KalGar@gmail.com','F'),
	 ('653 365 521','Menajem','Ulibarri','MenUli@gmail.com','M'),
	 ('653 486 057','Carisa','Ortega','CarOrt@gmail.com','F'),
	 ('653 566 529','Mennos','Quiñones','MenQui@gmail.com','M'),
	 ('653 595 272','Dalal','Riojas','DalRio@gmail.com','M');
INSERT INTO KaraokeV3.Cliente (telefono,nombre,apellido,email,genero) VALUES
	 ('653 598 486','Gunter','Alanis','GunAla@gmail.com','M'),
	 ('653 621 136','Normando','Razo','NorRaz@gmail.com','M'),
	 ('653 677 600','Nantilde','Mayonga','NanMay@gmail.com','M'),
	 ('653 839 821','Leonel','Godoy','LeoGod@gmail.com','M'),
	 ('653 867 872','Yve','Prieto','YvePri@gmail.com','M'),
	 ('654 014 431','Augustus','Tapia','AugTap@gmail.com','F'),
	 ('654 029 369','Iago','Serrato','IagSer@gmail.com','M'),
	 ('654 254 268','Antón','Alonzo','AntAlo@gmail.com','F'),
	 ('654 466 772','Medea','Gracia','MedGra@gmail.com','F'),
	 ('654 760 397','Cirenia','Yáñez','CirYáñ@gmail.com','F');
INSERT INTO KaraokeV3.Cliente (telefono,nombre,apellido,email,genero) VALUES
	 ('654 805 942','Deyanira','Beltrán','DeyBel@gmail.com','F'),
	 ('655 109 906','Fazzio','Urrútia','FazUrr@gmail.com','F'),
	 ('655 273 292','Numas','Guajardo','NumGua@gmail.com','F'),
	 ('655 293 068','Prometeo','Lugo','ProLug@gmail.com','F'),
	 ('655 528 996','Abbi','Alonso','AbbAlo@gmail.com','F'),
	 ('655 676 861','Asha','Cabán','AshCab@gmail.com','M'),
	 ('655 706 431','Raifroid','Bustamante','RaiBus@gmail.com','M'),
	 ('655 826 529','Grace','Figueroa','GraFig@gmail.com','M'),
	 ('656 064 676','Naimid','Tirado','NaiTir@gmail.com','F'),
	 ('656 088 878','Stanislao','Lebrón','StaLeb@gmail.com','M');
INSERT INTO KaraokeV3.Cliente (telefono,nombre,apellido,email,genero) VALUES
	 ('656 541 675','Vin','Batista','VinBat@gmail.com','M'),
	 ('656 546 689','Azas','Barrientos','AzaBar@gmail.com','F'),
	 ('656 589 744','Deyanira','Aguilar','DeyAgu@gmail.com','F'),
	 ('656 597 158','Desiderato','Maestas','DesMae@gmail.com','M'),
	 ('656 615 570','Esmerada','Berrios','EsmBer@gmail.com','M'),
	 ('656 712 035','Eberardo','Espinoza','EbeEsp@gmail.com','F'),
	 ('656 744 427','Hugolino','Posada','HugPos@gmail.com','F'),
	 ('656 849 105','Marilena','Zavala','MarZav@gmail.com','M'),
	 ('657 437 206','Rosenda','Carvajal','RosCar@gmail.com','F'),
	 ('657 820 480','Metran','Gaitán','MetGai@gmail.com','F');
INSERT INTO KaraokeV3.Cliente (telefono,nombre,apellido,email,genero) VALUES
	 ('657 820 620','Alulay','Vera','AluVer@gmail.com','F'),
	 ('658 057 911','Gioseppina','Griego','GioGri@gmail.com','M'),
	 ('658 477 375','Iva','Pabón','IvaPab@gmail.com','F'),
	 ('658 820 331','Venancia','Sevilla','VenSev@gmail.com','M'),
	 ('659 231 943','Sereno','Vela','SerVel@gmail.com','M'),
	 ('659 295 805','Manases','Valles','ManVal@gmail.com','F'),
	 ('659 321 432','Emiliana','Hinojosa','EmiHin@gmail.com','M'),
	 ('659 420 571','Donina','Serna','DonSer@gmail.com','M'),
	 ('659 639 213','Leylen','Gaona','LeyGao@gmail.com','M'),
	 ('659 647 215','Cupido','Colunga','CupCol@gmail.com','M');
INSERT INTO KaraokeV3.Cliente (telefono,nombre,apellido,email,genero) VALUES
	 ('659 745 370','Yasmín','Barajas','YasBar@gmail.com','M'),
	 ('659 860 665','Cassandre','Cedillo','CasCed@gmail.com','F'),
	 ('660 055 377','Clide','Gutiérrez','CliGut@gmail.com','F'),
	 ('660 165 940','Hasel','Matos','HasMat@gmail.com','M'),
	 ('660 167 305','Natan','Fonseca','NatFon@gmail.com','M'),
	 ('660 298 603','Orestes','Zepeda','OreZep@gmail.com','F'),
	 ('660 836 440','Giorgio','Aparicio','GioApa@gmail.com','M'),
	 ('660 837 076','Plinio','Rosas','PliRos@gmail.com','M'),
	 ('660 972 607','Romero','Barrera','RomBar@gmail.com','F'),
	 ('661 061 718','Eneida','Corona','EneCor@gmail.com','F');
INSERT INTO KaraokeV3.Cliente (telefono,nombre,apellido,email,genero) VALUES
	 ('661 110 977','Constancio','Leal','ConLea@gmail.com','M'),
	 ('661 426 061','Liz','Mota','LizMot@gmail.com','F'),
	 ('661 567 109','Hugolino','Montés','HugMon@gmail.com','M'),
	 ('661 619 069','Cleopatra','Betancourt','CleBet@gmail.com','M'),
	 ('662 042 782','Jocabed','Fajardo','JocFaj@gmail.com','F'),
	 ('662 076 526','Tatiano','Franco','TatFra@gmail.com','F'),
	 ('662 568 886','Pablo','Mercado','PabMer@gmail.com','M'),
	 ('662 684 527','Agar','Romo','AgaRom@gmail.com','F'),
	 ('663 475 596','Arcángela','Aguayo','ArcAgu@gmail.com','M'),
	 ('663 622 492','Juno','Robledo','JunRob@gmail.com','F');
INSERT INTO KaraokeV3.Cliente (telefono,nombre,apellido,email,genero) VALUES
	 ('663 873 054','Onofre','Calderón','OnoCal@gmail.com','M'),
	 ('663 963 525','Alessandra','Pelayo','AlePel@gmail.com','M'),
	 ('663 981 591','Pacífico','Tejeda','PacTej@gmail.com','F'),
	 ('664 065 029','Imperio','Roybal','ImpRoy@gmail.com','M'),
	 ('664 226 349','Orson','Gómez','OrsGóm@gmail.com','M'),
	 ('664 333 915','Emerio','Ruvalcaba','EmeRuv@gmail.com','F'),
	 ('664 619 037','Carysa','Vela','CarVel@gmail.com','M'),
	 ('664 654 659','Inalén','Rubio','InaRub@gmail.com','F'),
	 ('664 686 407','Julieta','Carrero','JulCar@gmail.com','F'),
	 ('664 971 878','Yvette','Santiago','YveSan@gmail.com','F');
INSERT INTO KaraokeV3.Cliente (telefono,nombre,apellido,email,genero) VALUES
	 ('665 418 763','Bartley','Urrútia','BarUrr@gmail.com','F'),
	 ('665 578 460','Calanit','Carrión','CalCar@gmail.com','M'),
	 ('665 710 045','Ana','Saldana','AnaSal@gmail.com','M'),
	 ('665 960 757','Corin','Esparza','CorEsp@gmail.com','F'),
	 ('666 464 978','Teócrito','Estrada','TeóEst@gmail.com','F'),
	 ('666 568 772','Agnelo','Sepúlveda','AgnSep@gmail.com','M'),
	 ('666 734 697','Eugen','Godínez','EugGod@gmail.com','F'),
	 ('667 277 259','Abbot','Barraza','AbbBar@gmail.com','F'),
	 ('667 350 963','Albin','Cisneros','AlbCis@gmail.com','M'),
	 ('667 558 634','Cañumil','Guevara','CañGue@gmail.com','F');
INSERT INTO KaraokeV3.Cliente (telefono,nombre,apellido,email,genero) VALUES
	 ('667 607 872','Paola','Bueno','PaoBue@gmail.com','F'),
	 ('667 670 739','Jacint','Montez','JacMon@gmail.com','F'),
	 ('667 768 488','Alan','Echevarría','AlaEch@gmail.com','M'),
	 ('668 176 490','Augusto','Leal','AugLea@gmail.com','M'),
	 ('668 262 933','Cataldo','Díaz','CatDía@gmail.com','F'),
	 ('668 369 899','Agalia','Zambrano','AgaZam@gmail.com','F'),
	 ('668 370 849','Edipo','Alemán','EdiAle@gmail.com','M'),
	 ('668 484 386','Juno','Borrego','JunBor@gmail.com','M'),
	 ('668 767 679','Miqueas','Aguilar','MiqAgu@gmail.com','M'),
	 ('668 921 905','Prudencia','Vera','PruVer@gmail.com','M');
INSERT INTO KaraokeV3.Cliente (telefono,nombre,apellido,email,genero) VALUES
	 ('668 953 450','Teodosia','Pacheco','TeoPac@gmail.com','F'),
	 ('669 007 526','Fiorella','Reséndez','FioRes@gmail.com','M'),
	 ('669 358 949','Neyén','Partida','NeyPar@gmail.com','F'),
	 ('669 814 536','Dinora','Ruiz','DinRui@gmail.com','F'),
	 ('669 924 131','Amaya','Rivera','AmaRiv@gmail.com','F'),
	 ('670 156 363','Obdulia','Amaya','ObdAma@gmail.com','M'),
	 ('670 229 878','Emerio','Toledo','EmeTol@gmail.com','M'),
	 ('670 358 083','Solange','Leyva','SolLey@gmail.com','M'),
	 ('671 042 907','Eurico','Leiva','EurLei@gmail.com','M'),
	 ('671 043 431','Odo','Blanco','OdoBla@gmail.com','M');
INSERT INTO KaraokeV3.Cliente (telefono,nombre,apellido,email,genero) VALUES
	 ('671 103 760','Ana','Domínquez','AnaDom@gmail.com','M'),
	 ('671 281 936','Anatilde','Candelaria','AnaCan@gmail.com','F'),
	 ('671 612 860','Jovanna','Nieves','JovNie@gmail.com','F'),
	 ('671 700 242','Rafel','Mares','RafMar@gmail.com','F'),
	 ('671 870 048','Exuperancio','Segura','ExuSeg@gmail.com','F'),
	 ('671 940 630','Tobías','Grijalva','TobGri@gmail.com','F'),
	 ('672 066 537','Samir','Serrato','SamSer@gmail.com','M'),
	 ('672 350 537','Arduino','Figueroa','ArdFig@gmail.com','M'),
	 ('672 599 530','Tirso','Barrios','TirBar@gmail.com','M'),
	 ('672 848 237','Favio','Guardado','FavGua@gmail.com','M');
INSERT INTO KaraokeV3.Cliente (telefono,nombre,apellido,email,genero) VALUES
	 ('673 329 001','Morela','Cortés','MorCor@gmail.com','F'),
	 ('673 698 922','Leonilda','Barajas','LeoBar@gmail.com','F'),
	 ('674 048 002','Escolástico','Espinoza','EscEsp@gmail.com','F'),
	 ('674 177 832','Osmundo','Ruelas','OsmRue@gmail.com','M'),
	 ('674 232 901','Romano','Barreto','RomBar@gmail.com','F'),
	 ('674 622 387','Ervino','Viera','ErvVie@gmail.com','M'),
	 ('675 590 360','Procopio','Acosta','ProAco@gmail.com','M'),
	 ('675 639 944','Recaredo','Mojica','RecMoj@gmail.com','M'),
	 ('675 696 589','Cannan','Banda','CanBan@gmail.com','M'),
	 ('676 317 320','Gabriella','Veliz','GabVel@gmail.com','M');
INSERT INTO KaraokeV3.Cliente (telefono,nombre,apellido,email,genero) VALUES
	 ('676 459 150','Vaniria','Escalante','VanEsc@gmail.com','F'),
	 ('676 576 326','Sylvius','Marrero','SylMar@gmail.com','M'),
	 ('676 741 213','Yasmín','Solórzano','YasSol@gmail.com','M'),
	 ('676 927 871','Prilidiano','Terán','PriTer@gmail.com','M'),
	 ('676 945 630','Susane','Guillén','SusGui@gmail.com','M'),
	 ('676 993 397','Carlomagno','Alaniz','CarAla@gmail.com','M'),
	 ('677 490 321','Maral','Sedillo','MarSed@gmail.com','F'),
	 ('677 894 098','Alterio','Galvez','AltGal@gmail.com','M'),
	 ('677 984 872','Numa','Torres','NumTor@gmail.com','M'),
	 ('678 015 019','Donosa','Barrientos','DonBar@gmail.com','F');
INSERT INTO KaraokeV3.Cliente (telefono,nombre,apellido,email,genero) VALUES
	 ('678 085 051','Ivanna','Cabán','IvaCab@gmail.com','M'),
	 ('678 130 193','Meris','Almaraz','MerAlm@gmail.com','F'),
	 ('678 152 701','Ilian','Valdivia','IliVal@gmail.com','F'),
	 ('678 588 934','Alvina','Muñoz','AlvMuñ@gmail.com','F'),
	 ('678 666 648','Fiona','Meza','FioMez@gmail.com','M'),
	 ('678 773 997','Garcilaso','Tamez','GarTam@gmail.com','M'),
	 ('678 985 585','Sixta','Barrientos','SixBar@gmail.com','M'),
	 ('679 054 723','Lutgarda','Vanegas','LutVan@gmail.com','M'),
	 ('679 132 433','Connie','Alemán','ConAle@gmail.com','M'),
	 ('679 240 981','Ross','Barragán','RosBar@gmail.com','M');
INSERT INTO KaraokeV3.Cliente (telefono,nombre,apellido,email,genero) VALUES
	 ('679 584 921','Nayla','Lucero','NayLuc@gmail.com','F'),
	 ('679 693 037','Antón','Preciado','AntPre@gmail.com','F'),
	 ('679 696 031','Caridad','Velásquez','CarVel@gmail.com','M'),
	 ('680 161 987','Andrónico','Ibarra','AndIba@gmail.com','M'),
	 ('680 164 548','Yrko','Prieto','YrkPri@gmail.com','M'),
	 ('680 473 506','Afrodita','Castaneda','AfrCas@gmail.com','M'),
	 ('680 674 097','Dick','Ortiz','DicOrt@gmail.com','F'),
	 ('680 743 344','Rudolf','Bonilla','RudBon@gmail.com','F'),
	 ('680 760 097','Sabacio','Lira','SabLir@gmail.com','M'),
	 ('681 126 767','Telmo','Quezada','TelQue@gmail.com','M');
INSERT INTO KaraokeV3.Cliente (telefono,nombre,apellido,email,genero) VALUES
	 ('681 867 312','Tabitha','Limón','TabLim@gmail.com','F'),
	 ('681 950 716','Beatrix','Terán','BeaTer@gmail.com','M'),
	 ('682 401 461','Roquelina','Cadena','RoqCad@gmail.com','M'),
	 ('682 457 399','Crispo','Rincón','CriRin@gmail.com','M'),
	 ('683 071 392','Bastien','Callas','BasCal@gmail.com','F'),
	 ('683 273 884','Pompeyo','Yáñez','PomYáñ@gmail.com','M'),
	 ('683 394 623','Sofanor','Hurtado','SofHur@gmail.com','F'),
	 ('683 455 696','Carpo','Fonseca','CarFon@gmail.com','F'),
	 ('683 557 638','Ives','Centeno','IveCen@gmail.com','M'),
	 ('683 961 338','Astrid','Aragón','AstAra@gmail.com','M');
INSERT INTO KaraokeV3.Cliente (telefono,nombre,apellido,email,genero) VALUES
	 ('684 051 296','Faustine','Cadena','FauCad@gmail.com','F'),
	 ('684 120 800','Luigi','Gil','LuiGil@gmail.com','F'),
	 ('684 553 226','Ludmila','Salcedo','LudSal@gmail.com','M'),
	 ('684 614 990','Facunda','Atencio','FacAte@gmail.com','M'),
	 ('684 778 893','Gabelo','Acosta','GabAco@gmail.com','M'),
	 ('684 979 929','Adán','Venegas','AdáVen@gmail.com','M'),
	 ('685 012 389','Manases','Cano','ManCan@gmail.com','M'),
	 ('685 013 640','Tomé','Zúñiga','TomZúñ@gmail.com','F'),
	 ('685 018 264','Amy','Zarate','AmyZar@gmail.com','M'),
	 ('685 023 551','Malguen','Varela','MalVar@gmail.com','M');
INSERT INTO KaraokeV3.Cliente (telefono,nombre,apellido,email,genero) VALUES
	 ('685 164 075','Isanqui','Campos','IsaCam@gmail.com','M'),
	 ('685 319 486','Leo','Alvarez','LeoAlv@gmail.com','F'),
	 ('685 342 863','Nabor','Abrego','NabAbr@gmail.com','F'),
	 ('685 502 643','Azariel','Hernandes','AzaHer@gmail.com','M'),
	 ('685 596 892','Cirenia','Ayala','CirAya@gmail.com','F'),
	 ('685 680 776','Servando','Rodrígez','SerRod@gmail.com','F'),
	 ('685 798 520','Dallas','González','DalGon@gmail.com','M'),
	 ('685 856 129','Herminda','Nino','HerNin@gmail.com','F'),
	 ('685 888 835','Ivett','Prieto','IvePri@gmail.com','M'),
	 ('686 412 720','Florian','Segura','FloSeg@gmail.com','M');
INSERT INTO KaraokeV3.Cliente (telefono,nombre,apellido,email,genero) VALUES
	 ('686 654 170','Isod','Zayas','IsoZay@gmail.com','F'),
	 ('686 782 216','Ecio','Baeza','EciBae@gmail.com','M'),
	 ('686 832 481','Beronike','Holguín','BerHol@gmail.com','F'),
	 ('687 437 661','Caleb','Caballero','CalCab@gmail.com','M'),
	 ('687 477 964','Yoko','Raya','YokRay@gmail.com','F'),
	 ('687 710 638','Keith','Feliciano','KeiFel@gmail.com','M'),
	 ('687 773 154','Romero','Ocampo','RomOca@gmail.com','F'),
	 ('688 170 288','Adalgisa','Velasco','AdaVel@gmail.com','M'),
	 ('688 473 692','Abby','Rosales','AbbRos@gmail.com','M'),
	 ('688 650 667','Raimon','Navarrete','RaiNav@gmail.com','M');
INSERT INTO KaraokeV3.Cliente (telefono,nombre,apellido,email,genero) VALUES
	 ('688 857 902','Merces','Angulo','MerAng@gmail.com','M'),
	 ('689 052 376','Aramis','Elizondo','AraEli@gmail.com','F'),
	 ('689 159 286','Alfonsina','Berrios','AlfBer@gmail.com','F'),
	 ('689 520 894','Princesa','Saenz','PriSae@gmail.com','M'),
	 ('690 104 038','Styalianos','Betancourt','StyBet@gmail.com','M'),
	 ('690 112 051','Fiona','Rivas','FioRiv@gmail.com','M'),
	 ('690 188 128','Hippolyte','Morales','HipMor@gmail.com','F'),
	 ('690 291 859','Lisandra','Camarillo','LisCam@gmail.com','M'),
	 ('690 373 092','Karenina','Haro','KarHar@gmail.com','M'),
	 ('690 774 453','Aria','Gutiérrez','AriGut@gmail.com','M');
INSERT INTO KaraokeV3.Cliente (telefono,nombre,apellido,email,genero) VALUES
	 ('691 166 184','Leoncio','Alonzo','LeoAlo@gmail.com','M'),
	 ('691 664 074','Amir','Ávalos','AmiÁva@gmail.com','M'),
	 ('692 009 870','Nadina','Carrero','NadCar@gmail.com','F'),
	 ('692 159 452','Elena','Marrero','EleMar@gmail.com','F'),
	 ('692 250 384','Odina','Ceballos','OdiCeb@gmail.com','F'),
	 ('692 477 700','Leuco','Jáquez','LeuJáq@gmail.com','M'),
	 ('692 577 513','Nazar','Comejo','NazCom@gmail.com','F'),
	 ('692 597 506','Tancredo','Holguín','TanHol@gmail.com','M'),
	 ('693 330 832','Casia','Quintero','CasQui@gmail.com','M'),
	 ('693 446 586','Algiso','Galarza','AlgGal@gmail.com','M');
INSERT INTO KaraokeV3.Cliente (telefono,nombre,apellido,email,genero) VALUES
	 ('693 492 208','Argento','Urrútia','ArgUrr@gmail.com','F'),
	 ('693 526 215','Aglae','Sedillo','AglSed@gmail.com','M'),
	 ('693 784 425','Jimeno','Candelaria','JimCan@gmail.com','F'),
	 ('693 834 467','Esopo','Garrido','EsoGar@gmail.com','F'),
	 ('693 955 616','Germana','Centeno','GerCen@gmail.com','M'),
	 ('694 056 499','Enzo','Orozco','EnzOro@gmail.com','F'),
	 ('694 220 092','Apolinar','Manzanares','ApoMan@gmail.com','M'),
	 ('694 471 122','Agripina','Yáñez','AgrYáñ@gmail.com','F'),
	 ('694 695 384','Bacchus','Armijo','BacArm@gmail.com','M'),
	 ('694 777 737','Neptuno','Hinojosa','NepHin@gmail.com','M');
INSERT INTO KaraokeV3.Cliente (telefono,nombre,apellido,email,genero) VALUES
	 ('695 371 563','Ethel','Aguayo','EthAgu@gmail.com','M'),
	 ('695 539 678','Margot','Guerra','MarGue@gmail.com','M'),
	 ('695 911 142','Salviano','Guevara','SalGue@gmail.com','F'),
	 ('696 389 340','Crisólogo','Lira','CriLir@gmail.com','M'),
	 ('696 440 416','Leónidas','Urbina','LeóUrb@gmail.com','F'),
	 ('696 593 449','Theodora','Sauceda','TheSau@gmail.com','F'),
	 ('696 725 244','Damocles','Guerra','DamGue@gmail.com','F'),
	 ('696 949 224','Florinda','Lozada','FloLoz@gmail.com','M'),
	 ('697 015 532','Colon','Santana','ColSan@gmail.com','F'),
	 ('697 168 625','Oriel','Preciado','OriPre@gmail.com','M');
INSERT INTO KaraokeV3.Cliente (telefono,nombre,apellido,email,genero) VALUES
	 ('697 313 407','Amancay','Ávalos','AmaÁva@gmail.com','F'),
	 ('697 314 322','Bienvenida','Barragán','BieBar@gmail.com','M'),
	 ('697 399 643','Diómedes','Flores','DióFlo@gmail.com','M'),
	 ('697 508 582','Tabatha','Mascarenas','TabMas@gmail.com','F'),
	 ('697 818 843','Myrna','Nava','MyrNav@gmail.com','F'),
	 ('698 214 093','Laercio','Corona','LaeCor@gmail.com','M'),
	 ('698 290 860','Britanic','Aparicio','BriApa@gmail.com','M'),
	 ('698 499 368','Maida','Fierro','MaiFie@gmail.com','M'),
	 ('698 775 776','Ubaldina','Menchaca','UbaMen@gmail.com','F'),
	 ('698 827 482','Hassan','Saldana','HasSal@gmail.com','M');
INSERT INTO KaraokeV3.Cliente (telefono,nombre,apellido,email,genero) VALUES
	 ('699 244 441','Zuleica','Cervantes','ZulCer@gmail.com','M'),
	 ('699 342 983','Lope','Calderón','LopCal@gmail.com','M'),
	 ('699 624 795','Gunter','Almanza','GunAlm@gmail.com','M'),
	 ('710 050 104','Eneyén','Orellana','EneOre@gmail.com','F'),
	 ('710 259 628','Leto','Orellana','LetOre@gmail.com','M'),
	 ('710 269 426','Sabine','Benavides','SabBen@gmail.com','M'),
	 ('710 272 089','Cadelaria','Medrano','CadMed@gmail.com','M'),
	 ('710 543 522','Lorenza','Salgado','LorSal@gmail.com','F'),
	 ('710 602 279','Librado','Delgadillo','LibDel@gmail.com','F'),
	 ('710 998 514','Liafdag','Nieves','LiaNie@gmail.com','M');
INSERT INTO KaraokeV3.Cliente (telefono,nombre,apellido,email,genero) VALUES
	 ('711 104 335','Numilen','Segura','NumSeg@gmail.com','F'),
	 ('711 191 347','Melchior','Prieto','MelPri@gmail.com','M'),
	 ('711 242 425','Honorina','Barajas','HonBar@gmail.com','F'),
	 ('711 244 345','Gamaliel','Ornelas','GamOrn@gmail.com','M'),
	 ('711 376 553','Crístoforo','Loya','CríLoy@gmail.com','M'),
	 ('711 560 947','Birgitta','Mayonga','BirMay@gmail.com','F'),
	 ('711 645 003','Denna','Casanova','DenCas@gmail.com','M'),
	 ('712 077 929','Amira','Marcos','AmiMar@gmail.com','M'),
	 ('712 088 413','Linus','Alcantar','LinAlc@gmail.com','F'),
	 ('712 141 628','Damaris','Valle','DamVal@gmail.com','F');
INSERT INTO KaraokeV3.Cliente (telefono,nombre,apellido,email,genero) VALUES
	 ('712 162 079','Marcella','Navarrete','MarNav@gmail.com','F'),
	 ('712 437 427','Lewis','Mojica','LewMoj@gmail.com','F'),
	 ('712 704 891','Tilo','Santillán','TilSan@gmail.com','F'),
	 ('712 913 070','Liborio','Urbina','LibUrb@gmail.com','M'),
	 ('713 208 335','Ivana','Armendáriz','IvaArm@gmail.com','F'),
	 ('713 412 835','Maggie','Méndez','MagMén@gmail.com','M'),
	 ('713 460 420','Cinthia','Olmos','CinOlm@gmail.com','M'),
	 ('713 585 516','Lía','Vanegas','LíaVan@gmail.com','F'),
	 ('713 593 863','Ania','Cortés','AniCor@gmail.com','F'),
	 ('713 921 945','Asha','Verdugo','AshVer@gmail.com','M');
INSERT INTO KaraokeV3.Cliente (telefono,nombre,apellido,email,genero) VALUES
	 ('714 109 071','Dalmiro','Tovar','DalTov@gmail.com','F'),
	 ('714 524 319','Haman','Sisneros','HamSis@gmail.com','F'),
	 ('714 948 521','Yeneko','Brito','YenBri@gmail.com','M'),
	 ('714 951 375','Pulqueria','Gómez','PulGóm@gmail.com','M'),
	 ('715 543 842','Udolfo','Cárdenas','UdoCár@gmail.com','F'),
	 ('715 633 965','Megan','Lucero','MegLuc@gmail.com','F'),
	 ('715 648 376','Zelmar','Casares','ZelCas@gmail.com','M'),
	 ('715 687 636','Ervino','Cárdenas','ErvCár@gmail.com','F'),
	 ('715 729 685','Primavera','Palacios','PriPal@gmail.com','F'),
	 ('716 240 158','Bowie','Lira','BowLir@gmail.com','M');
INSERT INTO KaraokeV3.Cliente (telefono,nombre,apellido,email,genero) VALUES
	 ('716 279 221','Cloris','Laboy','CloLab@gmail.com','M'),
	 ('716 302 479','Lihue','Galindo','LihGal@gmail.com','F'),
	 ('716 422 901','Lida','Miramontes','LidMir@gmail.com','F'),
	 ('716 526 509','Plinio','Sevilla','PliSev@gmail.com','M'),
	 ('717 017 807','Cátulo','Enríquez','CátEnr@gmail.com','M'),
	 ('717 052 408','Osmaro','Roque','OsmRoq@gmail.com','F'),
	 ('717 205 617','Egda','Paredes','EgdPar@gmail.com','M'),
	 ('717 529 450','Remedios','Hernádez','RemHer@gmail.com','M'),
	 ('717 557 716','Arcángel','Roybal','ArcRoy@gmail.com','F'),
	 ('717 701 097','Hubert','Najera','HubNaj@gmail.com','M');
INSERT INTO KaraokeV3.Cliente (telefono,nombre,apellido,email,genero) VALUES
	 ('717 860 991','Shulinen','Lomeli','ShuLom@gmail.com','F'),
	 ('717 934 618','Zulma','Casas','ZulCas@gmail.com','M'),
	 ('718 108 253','Odilón','Ozuna','OdiOzu@gmail.com','F'),
	 ('718 230 414','Raffi','Maestas','RafMae@gmail.com','M'),
	 ('718 260 739','Jaden','Casillas','JadCas@gmail.com','M'),
	 ('718 276 912','Numa','Pabón','NumPab@gmail.com','M'),
	 ('718 590 244','Ivany','Bustos','IvaBus@gmail.com','M'),
	 ('718 835 032','Vanda','Jaimes','VanJai@gmail.com','F'),
	 ('718 872 289','Eudoxia','Arenas','EudAre@gmail.com','M'),
	 ('718 939 522','Domma','Garay','DomGar@gmail.com','M');
INSERT INTO KaraokeV3.Cliente (telefono,nombre,apellido,email,genero) VALUES
	 ('719 060 782','Abelard','Betancourt','AbeBet@gmail.com','F'),
	 ('719 096 984','Deonilde','Sepúlveda','DeoSep@gmail.com','M'),
	 ('719 305 683','Lorenza','Tello','LorTel@gmail.com','F'),
	 ('719 465 830','Etel','Razo','EteRaz@gmail.com','M'),
	 ('719 475 011','Coralia','Jaramillo','CorJar@gmail.com','M'),
	 ('719 674 997','Cyril','Perales','CyrPer@gmail.com','M'),
	 ('719 824 631','Gillen','Montano','GilMon@gmail.com','M'),
	 ('719 995 698','Tali','Blanco','TalBla@gmail.com','F'),
	 ('720 117 135','Cunibaldo','Tórrez','CunTór@gmail.com','F'),
	 ('720 186 785','Zósimo','Villegas','ZósVil@gmail.com','M');
INSERT INTO KaraokeV3.Cliente (telefono,nombre,apellido,email,genero) VALUES
	 ('720 217 479','Braulia','Betancourt','BraBet@gmail.com','F'),
	 ('720 256 217','Duilio','Venegas','DuiVen@gmail.com','M'),
	 ('720 475 146','Cristian','Chacón','CriCha@gmail.com','M'),
	 ('720 652 771','Maimara','Verduzco','MaiVer@gmail.com','M'),
	 ('720 672 123','Vinicio','Domínguez','VinDom@gmail.com','M'),
	 ('720 809 329','Electra','Rincón','EleRin@gmail.com','F'),
	 ('720 820 325','Abad','Najera','AbaNaj@gmail.com','M'),
	 ('720 954 244','Cid','Ruvalcaba','CidRuv@gmail.com','F'),
	 ('721 079 483','Emigdio','Ocampo','EmiOca@gmail.com','F'),
	 ('721 130 029','Eneyén','Vega','EneVeg@gmail.com','M');
INSERT INTO KaraokeV3.Cliente (telefono,nombre,apellido,email,genero) VALUES
	 ('721 165 074','Tatiano','Soto','TatSot@gmail.com','F'),
	 ('721 188 971','Nadir','Morales','NadMor@gmail.com','M'),
	 ('721 247 572','Gracián','Henríquez','GraHen@gmail.com','F'),
	 ('721 285 800','Galia','Garibay','GalGar@gmail.com','F'),
	 ('721 789 970','Etel','Sandoval','EteSan@gmail.com','M'),
	 ('722 051 153','Selesio','Batista','SelBat@gmail.com','M'),
	 ('722 475 241','Caifas','Solís','CaiSol@gmail.com','M'),
	 ('723 073 598','Tristana','Arenas','TriAre@gmail.com','F'),
	 ('723 085 986','Aureo','Vanegas','AurVan@gmail.com','F'),
	 ('723 107 535','Salviano','Mojica','SalMoj@gmail.com','F');
INSERT INTO KaraokeV3.Cliente (telefono,nombre,apellido,email,genero) VALUES
	 ('723 157 016','Bridget','Nieves','BriNie@gmail.com','M'),
	 ('723 207 365','Zelmira','Sánchez','ZelSán@gmail.com','M'),
	 ('723 358 432','Juanita','Mendoza','JuaMen@gmail.com','F'),
	 ('723 502 047','Natal','Polanco','NatPol@gmail.com','M'),
	 ('723 570 255','Monique','Canales','MonCan@gmail.com','M'),
	 ('723 768 833','Milton','Patino','MilPat@gmail.com','M'),
	 ('723 907 603','Abril','Haro','AbrHar@gmail.com','F'),
	 ('723 940 398','Dallas','Quintana','DalQui@gmail.com','F'),
	 ('724 074 875','Myrna','Ramos','MyrRam@gmail.com','M'),
	 ('725 128 225','Osmaro','Matías','OsmMat@gmail.com','F');
INSERT INTO KaraokeV3.Cliente (telefono,nombre,apellido,email,genero) VALUES
	 ('725 835 961','Melibea','Venegas','MelVen@gmail.com','F'),
	 ('725 939 532','Felix','Lozano','FelLoz@gmail.com','F'),
	 ('725 976 306','Yasmín','Gracia','YasGra@gmail.com','M'),
	 ('726 156 106','Alcuino','Sanches','AlcSan@gmail.com','F'),
	 ('726 280 160','Lucía','Lomeli','LucLom@gmail.com','F'),
	 ('726 298 799','Omaro','Montemayor','OmaMon@gmail.com','M'),
	 ('726 368 198','Cibeles','Fonseca','CibFon@gmail.com','M'),
	 ('726 717 142','Wendy','Salcedo','WenSal@gmail.com','M'),
	 ('726 739 896','Juancruz','Cadena','JuaCad@gmail.com','F'),
	 ('726 815 515','Ulises','Calderón','UliCal@gmail.com','M');
INSERT INTO KaraokeV3.Cliente (telefono,nombre,apellido,email,genero) VALUES
	 ('727 041 120','Sean','Iglesias','SeaIgl@gmail.com','F'),
	 ('727 157 517','Meneo','Vera','MenVer@gmail.com','M'),
	 ('727 163 051','Onésimo','Puga','OnéPug@gmail.com','F'),
	 ('727 468 730','Adilia','Cervantes','AdiCer@gmail.com','M'),
	 ('727 949 658','Menas','Galván','MenGal@gmail.com','F'),
	 ('727 976 703','Cadelaria','Vera','CadVer@gmail.com','M'),
	 ('728 059 894','Agalia','Solís','AgaSol@gmail.com','F'),
	 ('728 387 570','Gundenia','Alva','GunAlv@gmail.com','M'),
	 ('728 633 264','Linus','Palomino','LinPal@gmail.com','M'),
	 ('728 880 835','Iren','Roque','IreRoq@gmail.com','M');
INSERT INTO KaraokeV3.Cliente (telefono,nombre,apellido,email,genero) VALUES
	 ('729 002 315','Ezer','Trujillo','EzeTru@gmail.com','F'),
	 ('729 077 265','Silverio','Polanco','SilPol@gmail.com','M'),
	 ('729 090 390','Gualberto','Ceballos','GuaCeb@gmail.com','M'),
	 ('729 140 031','Ane','Raya','AneRay@gmail.com','M'),
	 ('729 143 711','Diadema','Tirado','DiaTir@gmail.com','F'),
	 ('729 681 038','Calígula','Rentería','CalRen@gmail.com','F'),
	 ('729 788 308','Maimara','Terrazas','MaiTer@gmail.com','M'),
	 ('729 942 541','Norman','Orta','NorOrt@gmail.com','M'),
	 ('729 957 081','Tristana','Adomo','TriAdo@gmail.com','F'),
	 ('730 908 803','Oliverio','Guajardo','OliGua@gmail.com','F');
INSERT INTO KaraokeV3.Cliente (telefono,nombre,apellido,email,genero) VALUES
	 ('730 983 549','Romeo','Carbajal','RomCar@gmail.com','M'),
	 ('731 108 283','Orazio','Valdez','OraVal@gmail.com','F'),
	 ('731 225 500','Jordan','Verduzco','JorVer@gmail.com','F'),
	 ('731 347 869','Herón','Zayas','HerZay@gmail.com','M'),
	 ('731 394 672','Antenor','Collazo','AntCol@gmail.com','F'),
	 ('731 552 779','Filemón','Ybarra','FilYba@gmail.com','F'),
	 ('731 684 316','Adolf','Meza','AdoMez@gmail.com','F'),
	 ('731 726 441','Rosalie','Lomeli','RosLom@gmail.com','M'),
	 ('731 806 553','Helene','Osorio','HelOso@gmail.com','M'),
	 ('731 894 977','Cleandro','Cintrón','CleCin@gmail.com','M');
INSERT INTO KaraokeV3.Cliente (telefono,nombre,apellido,email,genero) VALUES
	 ('732 035 196','Paulino','Ordóñez','PauOrd@gmail.com','M'),
	 ('732 063 882','Enio','Herrera','EniHer@gmail.com','M'),
	 ('732 577 325','Candela','Brito','CanBri@gmail.com','F'),
	 ('732 797 424','Aleck','Medina','AleMed@gmail.com','M'),
	 ('732 827 795','Gianmarco','Menéndez','GiaMen@gmail.com','M'),
	 ('732 927 246','Bibiana','Ojeda','BibOje@gmail.com','M'),
	 ('732 962 471','Laertes','Figueroa','LaeFig@gmail.com','M'),
	 ('733 183 755','Nancy','Madera','NanMad@gmail.com','F'),
	 ('733 265 837','Licas','Fuentes','LicFue@gmail.com','M'),
	 ('733 430 392','Canan','Arriaga','CanArr@gmail.com','F');
INSERT INTO KaraokeV3.Cliente (telefono,nombre,apellido,email,genero) VALUES
	 ('734 224 470','Delmiro','Pena','DelPen@gmail.com','F'),
	 ('734 428 375','Icaro','Nava','IcaNav@gmail.com','M'),
	 ('736 044 252','Johanna','Romo','JohRom@gmail.com','M'),
	 ('736 275 183','Ursina','Sisneros','UrsSis@gmail.com','F'),
	 ('736 279 718','Andrés','Martínez','AndMar@gmail.com','F'),
	 ('736 838 438','Belinda','Gonzales','BelGon@gmail.com','M'),
	 ('736 882 700','Peñen','Pulido','PeñPul@gmail.com','M'),
	 ('737 167 517','Quintilian','Montenegro','QuiMon@gmail.com','F'),
	 ('737 506 176','Alterio','Escobedo','AltEsc@gmail.com','M'),
	 ('737 515 252','Eros','Vargas','EroVar@gmail.com','F');
INSERT INTO KaraokeV3.Cliente (telefono,nombre,apellido,email,genero) VALUES
	 ('737 630 004','Ariadne','Jaramillo','AriJar@gmail.com','F'),
	 ('737 637 763','Dagmar','Alaniz','DagAla@gmail.com','M'),
	 ('737 719 613','Helen','Alarcón','HelAla@gmail.com','F'),
	 ('739 010 019','Justina','Leiva','JusLei@gmail.com','F'),
	 ('739 269 977','Zeeb','Santiago','ZeeSan@gmail.com','M'),
	 ('739 315 077','Dorian','Villaseñor','DorVil@gmail.com','M'),
	 ('739 357 075','Adhemar','Briseño','AdhBri@gmail.com','F'),
	 ('739 424 564','Lesmes','Hernández','LesHer@gmail.com','M'),
	 ('739 459 570','Willka','Estrada','WilEst@gmail.com','M'),
	 ('739 498 384','Barbelo','Saavedra','BarSaa@gmail.com','M');
INSERT INTO KaraokeV3.Cliente (telefono,nombre,apellido,email,genero) VALUES
	 ('739 690 821','Anahid','Verduzco','AnaVer@gmail.com','M'),
	 ('739 812 796','Laurent','Matos','LauMat@gmail.com','M'),
	 ('739 876 591','Gislena','Patino','GisPat@gmail.com','M'),
	 ('740 061 555','Milwida','Valdés','MilVal@gmail.com','F'),
	 ('740 095 195','Buenaventura','Mascarenas','BueMas@gmail.com','F'),
	 ('740 397 754','Fusiano','Urías','FusUrí@gmail.com','M'),
	 ('740 630 856','Bab','Barrientos','BabBar@gmail.com','F'),
	 ('740 773 817','Randall','Escalante','RanEsc@gmail.com','M'),
	 ('740 798 772','Dana','Benavides','DanBen@gmail.com','M'),
	 ('740 824 903','Mahdi','Acosta','MahAco@gmail.com','M');
INSERT INTO KaraokeV3.Cliente (telefono,nombre,apellido,email,genero) VALUES
	 ('740 870 664','Eider','Carbajal','EidCar@gmail.com','F'),
	 ('741 059 175','Lucho','Huerta','LucHue@gmail.com','F'),
	 ('741 178 585','Práxedes','Zamora','PráZam@gmail.com','M'),
	 ('741 334 782','Shulinen','Luján','ShuLuj@gmail.com','M'),
	 ('741 834 148','Nubar','Garica','NubGar@gmail.com','F'),
	 ('742 092 224','Lanin','Gonzales','LanGon@gmail.com','M'),
	 ('742 151 893','Asis','Llarnas','AsiLla@gmail.com','M'),
	 ('742 269 088','Betty','Alarcón','BetAla@gmail.com','M'),
	 ('742 369 578','Garoa','Esquivel','GarEsq@gmail.com','F'),
	 ('742 377 524','Florence','Peres','FloPer@gmail.com','M');
INSERT INTO KaraokeV3.Cliente (telefono,nombre,apellido,email,genero) VALUES
	 ('742 881 994','Anthony','Quintana','AntQui@gmail.com','M'),
	 ('743 168 652','Semira','Henríquez','SemHen@gmail.com','F'),
	 ('743 323 599','Llanque','Galvez','LlaGal@gmail.com','F'),
	 ('744 039 720','Freyra','Zayas','FreZay@gmail.com','M'),
	 ('744 358 192','Leocadio','Iglesias','LeoIgl@gmail.com','M'),
	 ('744 535 478','Namuncurá','Cano','NamCan@gmail.com','F'),
	 ('744 624 626','Verbena','Pizarro','VerPiz@gmail.com','M'),
	 ('744 881 862','Favio','Cabán','FavCab@gmail.com','M'),
	 ('745 003 190','Auxano','Badillo','AuxBad@gmail.com','M'),
	 ('745 214 096','Rosalie','Zamora','RosZam@gmail.com','F');
INSERT INTO KaraokeV3.Cliente (telefono,nombre,apellido,email,genero) VALUES
	 ('745 333 325','Jacint','Solorio','JacSol@gmail.com','F'),
	 ('745 416 914','Benedetta','Ríos','BenRío@gmail.com','M'),
	 ('745 424 684','Gilda','Segura','GilSeg@gmail.com','F'),
	 ('745 807 038','Karen','Castellanos','KarCas@gmail.com','F'),
	 ('746 042 263','Ethel','Espinosa','EthEsp@gmail.com','F'),
	 ('746 896 442','Déborah','Jaimes','DébJai@gmail.com','F'),
	 ('747 275 716','Adeliz','Pizarro','AdePiz@gmail.com','M'),
	 ('747 345 849','Auda','Salas','AudSal@gmail.com','M'),
	 ('747 392 587','Jeremías','Paz','JerPaz@gmail.com','F'),
	 ('747 592 924','Natzari','Baeza','NatBae@gmail.com','M');
INSERT INTO KaraokeV3.Cliente (telefono,nombre,apellido,email,genero) VALUES
	 ('747 995 516','Eliú','Vasquez','EliVas@gmail.com','F'),
	 ('748 353 397','Sabas','Gastelum','SabGas@gmail.com','F'),
	 ('748 435 786','Atilano','Saavedra','AtiSaa@gmail.com','M'),
	 ('748 641 515','Yoav','Ojeda','YoaOje@gmail.com','M'),
	 ('748 802 296','Enoc','Medina','EnoMed@gmail.com','M'),
	 ('748 841 355','Gamaliel','Cepeda','GamCep@gmail.com','M'),
	 ('748 932 572','Alardo','Luevano','AlaLue@gmail.com','M'),
	 ('749 325 278','Yaguatí','Barragán','YagBar@gmail.com','M'),
	 ('749 382 778','Regis','Armenta','RegArm@gmail.com','M'),
	 ('749 495 043','Canela','Tejeda','CanTej@gmail.com','F');
INSERT INTO KaraokeV3.Cliente (telefono,nombre,apellido,email,genero) VALUES
	 ('749 573 358','Ain','Serna','AinSer@gmail.com','M'),
	 ('749 590 049','Konrad','Serrato','KonSer@gmail.com','M'),
	 ('750 072 262','Lucy','Casanova','LucCas@gmail.com','M'),
	 ('750 217 881','Sofiel','Godínez','SofGod@gmail.com','M'),
	 ('750 460 605','Guy','Díaz','GuyDía@gmail.com','M'),
	 ('750 517 616','Ananquel','Farías','AnaFar@gmail.com','F'),
	 ('750 837 799','Marziabo','Corral','MarCor@gmail.com','M'),
	 ('750 917 404','Edita','Cintrón','EdiCin@gmail.com','M'),
	 ('751 077 502','Aidee','Segura','AidSeg@gmail.com','F'),
	 ('751 186 797','Aman','Najera','AmaNaj@gmail.com','F');
INSERT INTO KaraokeV3.Cliente (telefono,nombre,apellido,email,genero) VALUES
	 ('751 375 075','Laurindo','Cedillo','LauCed@gmail.com','M'),
	 ('751 379 028','Uberto','Mercado','UbeMer@gmail.com','M'),
	 ('751 504 793','Ariane','Blanco','AriBla@gmail.com','M'),
	 ('751 506 105','Cleo','Quezada','CleQue@gmail.com','M'),
	 ('751 664 943','Mainque','Centeno','MaiCen@gmail.com','M'),
	 ('751 710 240','Alí','Valadez','AlíVal@gmail.com','F'),
	 ('752 140 631','Rufino','Bahena','RufBah@gmail.com','M'),
	 ('752 996 010','Jemima','Aponte','JemApo@gmail.com','F'),
	 ('753 018 505','Ezra','Treviño','EzrTre@gmail.com','M'),
	 ('753 366 150','Belisa','Anguiano','BelAng@gmail.com','F');
INSERT INTO KaraokeV3.Cliente (telefono,nombre,apellido,email,genero) VALUES
	 ('753 639 946','Senan','Gallegos','SenGal@gmail.com','M'),
	 ('753 852 905','Fabian','Salazar','FabSal@gmail.com','M'),
	 ('754 036 252','Rauel','Lara','RauLar@gmail.com','F'),
	 ('754 047 162','Lucila','Olivas','LucOli@gmail.com','M'),
	 ('755 181 801','Mirta','Valenzuela','MirVal@gmail.com','F'),
	 ('755 206 511','Antares','Casas','AntCas@gmail.com','F'),
	 ('755 299 458','Rayén','Marrero','RayMar@gmail.com','F'),
	 ('755 447 596','Mapril','Cisneros','MapCis@gmail.com','M'),
	 ('755 453 767','Edilia','González','EdiGon@gmail.com','M'),
	 ('756 387 325','Macabeo','Montenegro','MacMon@gmail.com','M');
INSERT INTO KaraokeV3.Cliente (telefono,nombre,apellido,email,genero) VALUES
	 ('756 445 404','Filis','Ibarra','FilIba@gmail.com','M'),
	 ('756 556 681','Susane','Núñez','SusNúñ@gmail.com','M'),
	 ('756 582 235','Damia','Bernal','DamBer@gmail.com','F'),
	 ('756 784 132','Jade','Nevarez','JadNev@gmail.com','F'),
	 ('756 796 792','Geppe','Paz','GepPaz@gmail.com','M'),
	 ('756 918 590','Agnese','Cadena','AgnCad@gmail.com','M'),
	 ('756 973 832','Maclovio','Barrientos','MacBar@gmail.com','M'),
	 ('756 988 510','Joan','Aguirre','JoaAgu@gmail.com','M'),
	 ('757 026 813','Marine','Terrazas','MarTer@gmail.com','F'),
	 ('757 133 009','Eitan','Castro','EitCas@gmail.com','F');
INSERT INTO KaraokeV3.Cliente (telefono,nombre,apellido,email,genero) VALUES
	 ('757 152 512','Loretta','Gracia','LorGra@gmail.com','F'),
	 ('757 244 152','Jacint','Cabrera','JacCab@gmail.com','F'),
	 ('757 446 846','Elido','Linares','EliLin@gmail.com','M'),
	 ('757 496 155','Raquildis','Vallejo','RaqVal@gmail.com','F'),
	 ('757 619 148','Adhemar','Saldana','AdhSal@gmail.com','M'),
	 ('757 685 250','Columba','Gracia','ColGra@gmail.com','F'),
	 ('757 773 829','Loída','Riojas','LoíRio@gmail.com','F'),
	 ('758 306 744','Barbea','Peres','BarPer@gmail.com','M'),
	 ('758 358 847','Cristo','Trujillo','CriTru@gmail.com','M'),
	 ('758 556 772','Lissete','Curiel','LisCur@gmail.com','F');
INSERT INTO KaraokeV3.Cliente (telefono,nombre,apellido,email,genero) VALUES
	 ('758 848 656','Norberta','Jimínez','NorJim@gmail.com','M'),
	 ('758 990 624','Michelle','Vigil','MicVig@gmail.com','F'),
	 ('759 229 135','Adassa','Terrazas','AdaTer@gmail.com','M'),
	 ('760 208 073','Raymi','Argüello','RayArg@gmail.com','M'),
	 ('760 346 167','Kamille','Alaniz','KamAla@gmail.com','F'),
	 ('760 393 487','Eneida','Gallardo','EneGal@gmail.com','F'),
	 ('760 459 845','Geranio','Sevilla','GerSev@gmail.com','M'),
	 ('760 966 953','Mampu','López','MamLóp@gmail.com','F'),
	 ('761 041 835','Emillen','Estrada','EmiEst@gmail.com','M'),
	 ('761 157 963','Seneca','Villa','SenVil@gmail.com','M');
INSERT INTO KaraokeV3.Cliente (telefono,nombre,apellido,email,genero) VALUES
	 ('761 235 036','Helio','Carrera','HelCar@gmail.com','F'),
	 ('761 514 814','Zelmar','Guerrero','ZelGue@gmail.com','F'),
	 ('761 571 310','Augustus','Gutiérrez','AugGut@gmail.com','M'),
	 ('761 842 501','George','Tejeda','GeoTej@gmail.com','F'),
	 ('762 071 985','Idelfonso','Marcos','IdeMar@gmail.com','F'),
	 ('762 498 138','Donardo','Guardado','DonGua@gmail.com','F'),
	 ('762 612 309','Clímene','Guzmán','ClíGuz@gmail.com','F'),
	 ('763 035 453','Meulén','Angulo','MeuAng@gmail.com','F'),
	 ('763 135 954','Orosco','Fernández','OroFer@gmail.com','M'),
	 ('763 232 106','Tiara','Gurule','TiaGur@gmail.com','M');
INSERT INTO KaraokeV3.Cliente (telefono,nombre,apellido,email,genero) VALUES
	 ('763 677 399','Luciana','Cantú','LucCan@gmail.com','M'),
	 ('764 218 286','Tea','Parra','TeaPar@gmail.com','F'),
	 ('764 290 587','Emilian','Sanabria','EmiSan@gmail.com','M'),
	 ('764 340 395','Evarista','Guerrero','EvaGue@gmail.com','F'),
	 ('764 510 969','Nerina','Luján','NerLuj@gmail.com','F'),
	 ('764 545 908','Balbino','Rojo','BalRoj@gmail.com','M'),
	 ('764 710 887','Andy','Santillán','AndSan@gmail.com','M'),
	 ('764 782 404','Adelmo','Luna','AdeLun@gmail.com','M'),
	 ('764 891 691','Edgar','Chacón','EdgCha@gmail.com','M'),
	 ('764 899 395','Beatrice','Arriaga','BeaArr@gmail.com','F');
INSERT INTO KaraokeV3.Cliente (telefono,nombre,apellido,email,genero) VALUES
	 ('765 011 689','Adonías','Benavides','AdoBen@gmail.com','F'),
	 ('765 055 829','Leo','Baeza','LeoBae@gmail.com','F'),
	 ('765 354 610','Exequiel','Villaseñor','ExeVil@gmail.com','M'),
	 ('765 406 266','Arminda','Ríos','ArmRío@gmail.com','F'),
	 ('765 556 609','Cecilio','Samaniego','CecSam@gmail.com','M'),
	 ('765 824 033','Franz','Robledo','FraRob@gmail.com','F'),
	 ('765 855 831','Carol','Nevarez','CarNev@gmail.com','M'),
	 ('766 044 611','Adalberto','Guillén','AdaGui@gmail.com','F'),
	 ('766 269 427','Ray','Valverde','RayVal@gmail.com','M'),
	 ('766 674 683','Theodora','Rodarte','TheRod@gmail.com','M');
INSERT INTO KaraokeV3.Cliente (telefono,nombre,apellido,email,genero) VALUES
	 ('766 728 145','Iair','Cuellar','IaiCue@gmail.com','M'),
	 ('766 820 980','Salvo','Crespo','SalCre@gmail.com','M'),
	 ('766 917 483','Prudencia','Carrillo','PruCar@gmail.com','M'),
	 ('767 206 308','Zeeb','Bahena','ZeeBah@gmail.com','F'),
	 ('767 256 959','Aldino','Rentería','AldRen@gmail.com','F'),
	 ('767 445 687','Delicia','Ulloa','DelUll@gmail.com','M'),
	 ('768 362 923','Joaquina','Barrera','JoaBar@gmail.com','M'),
	 ('768 673 887','Máximo','Solórzano','MáxSol@gmail.com','M'),
	 ('768 714 901','Polo','Benavides','PolBen@gmail.com','F'),
	 ('768 876 228','Nelson','Negrete','NelNeg@gmail.com','M');
INSERT INTO KaraokeV3.Cliente (telefono,nombre,apellido,email,genero) VALUES
	 ('768 910 077','Sabas','Flórez','SabFló@gmail.com','M'),
	 ('769 017 165','Drusila','Garrido','DruGar@gmail.com','M'),
	 ('769 027 579','Leocadio','Robledo','LeoRob@gmail.com','F'),
	 ('769 170 055','Alem','Cotto','AleCot@gmail.com','M'),
	 ('769 220 372','Edilma','Garica','EdiGar@gmail.com','M'),
	 ('769 284 093','Maira','Negrete','MaiNeg@gmail.com','M'),
	 ('769 423 451','Ursula','Mayonga','UrsMay@gmail.com','F'),
	 ('769 732 268','Heidy','Medrano','HeiMed@gmail.com','F'),
	 ('769 802 370','Marta','Muñiz','MarMuñ@gmail.com','F'),
	 ('769 820 870','Chantal','Ramón','ChaRam@gmail.com','M');
INSERT INTO KaraokeV3.Cliente (telefono,nombre,apellido,email,genero) VALUES
	 ('770 083 306','Barnie','Gastelum','BarGas@gmail.com','F'),
	 ('770 415 322','Romance','Pagan','RomPag@gmail.com','M'),
	 ('770 449 564','Menajem','Alcaraz','MenAlc@gmail.com','M'),
	 ('770 484 685','Faustine','Zepeda','FauZep@gmail.com','M'),
	 ('770 780 918','Natalí','Rosales','NatRos@gmail.com','F'),
	 ('770 911 795','Jazmín','Abeyta','JazAbe@gmail.com','M'),
	 ('770 998 022','Zofía','Callas','ZofCal@gmail.com','M'),
	 ('771 562 136','Charles','Castillo','ChaCas@gmail.com','F'),
	 ('771 565 310','Cala','Arellano','CalAre@gmail.com','F'),
	 ('771 641 747','Styalianos','Mesa','StyMes@gmail.com','M');
INSERT INTO KaraokeV3.Cliente (telefono,nombre,apellido,email,genero) VALUES
	 ('771 828 126','Magnolia','Urrútia','MagUrr@gmail.com','F'),
	 ('771 945 285','Perfecto','Rangel','PerRan@gmail.com','M'),
	 ('772 076 270','Ralph','Frías','RalFrí@gmail.com','F'),
	 ('772 080 569','Queila','Gamboa','QueGam@gmail.com','F'),
	 ('772 239 720','Olina','Guerra','OliGue@gmail.com','M'),
	 ('772 671 741','Ulla','Almaraz','UllAlm@gmail.com','M'),
	 ('772 814 694','Griselda','Acosta','GriAco@gmail.com','M'),
	 ('772 889 356','Orazio','Martínez','OraMar@gmail.com','F'),
	 ('772 904 357','Emigdio','Callas','EmiCal@gmail.com','M'),
	 ('772 961 035','Prilidiano','Pantoja','PriPan@gmail.com','M');
INSERT INTO KaraokeV3.Cliente (telefono,nombre,apellido,email,genero) VALUES
	 ('773 415 754','Noris','Zamora','NorZam@gmail.com','M'),
	 ('773 524 848','Lea','Patino','LeaPat@gmail.com','F'),
	 ('773 807 059','Aldous','Zambrano','AldZam@gmail.com','M'),
	 ('773 908 832','Ebony','Gamez','EboGam@gmail.com','F'),
	 ('773 964 473','Ivett','Rodrígez','IveRod@gmail.com','M'),
	 ('774 061 933','Macarena','Ochoa','MacOch@gmail.com','F'),
	 ('774 398 742','Sofanor','Borrego','SofBor@gmail.com','M'),
	 ('774 428 273','Tamar','Montalvo','TamMon@gmail.com','F'),
	 ('774 605 906','Evelina','Vaca','EveVac@gmail.com','M'),
	 ('774 657 173','Adriana','Baez','AdrBae@gmail.com','F');
INSERT INTO KaraokeV3.Cliente (telefono,nombre,apellido,email,genero) VALUES
	 ('774 832 019','Heliana','Laboy','HelLab@gmail.com','M'),
	 ('774 854 466','Geordie','Limón','GeoLim@gmail.com','F'),
	 ('775 285 321','Nicanor','Carvajal','NicCar@gmail.com','M'),
	 ('775 693 362','Arlinda','Aguirre','ArlAgu@gmail.com','M'),
	 ('776 078 927','Nidia','Loya','NidLoy@gmail.com','F'),
	 ('776 143 349','Fructuoso','Romero','FruRom@gmail.com','F'),
	 ('776 146 272','Peñen','Heredia','PeñHer@gmail.com','M'),
	 ('776 168 914','Zenon','Guajardo','ZenGua@gmail.com','F'),
	 ('776 181 496','Lorea','Serna','LorSer@gmail.com','F'),
	 ('776 340 596','Nabor','Robles','NabRob@gmail.com','M');
INSERT INTO KaraokeV3.Cliente (telefono,nombre,apellido,email,genero) VALUES
	 ('777 201 536','Aidé','Valadez','AidVal@gmail.com','M'),
	 ('777 367 327','Ivy','Gamez','IvyGam@gmail.com','M'),
	 ('777 621 438','Vella','Noriega','VelNor@gmail.com','M'),
	 ('778 416 024','Teodor','Domínguez','TeoDom@gmail.com','F'),
	 ('778 579 804','Nazar','Orosco','NazOro@gmail.com','F'),
	 ('778 585 063','Alec','Lira','AleLir@gmail.com','F'),
	 ('778 604 854','Justiniano','Ordóñez','JusOrd@gmail.com','M'),
	 ('779 227 829','Caren','Saenz','CarSae@gmail.com','M'),
	 ('779 383 042','Lev','Vasquez','LevVas@gmail.com','M'),
	 ('780 095 641','Arcelia','Gallegos','ArcGal@gmail.com','F');
INSERT INTO KaraokeV3.Cliente (telefono,nombre,apellido,email,genero) VALUES
	 ('780 239 775','Bertilda','Negrete','BerNeg@gmail.com','F'),
	 ('780 376 272','Pompeo','Valdivia','PomVal@gmail.com','M'),
	 ('781 136 976','Tehuel','Flores','TehFlo@gmail.com','M'),
	 ('781 151 505','Etelvina','Trujillo','EteTru@gmail.com','M'),
	 ('781 291 238','Cara','Angulo','CarAng@gmail.com','M'),
	 ('781 303 036','Lukas','Curiel','LukCur@gmail.com','F'),
	 ('781 605 022','Haroldo','Ozuna','HarOzu@gmail.com','M'),
	 ('781 707 567','Marie','Cepeda','MarCep@gmail.com','F'),
	 ('781 930 369','Vicenta','Zambrano','VicZam@gmail.com','F'),
	 ('781 932 552','Ronda','Ríos','RonRío@gmail.com','M');
INSERT INTO KaraokeV3.Cliente (telefono,nombre,apellido,email,genero) VALUES
	 ('781 970 748','Dahlia','Rodarte','DahRod@gmail.com','F'),
	 ('781 999 062','Oziel','Baez','OziBae@gmail.com','M'),
	 ('782 102 136','Melchior','Cotto','MelCot@gmail.com','F'),
	 ('782 156 910','Emelia','Aragón','EmeAra@gmail.com','F'),
	 ('782 433 519','Torcuato','Segura','TorSeg@gmail.com','M'),
	 ('782 485 503','Dillan','Gamez','DilGam@gmail.com','M'),
	 ('783 162 280','Zeeb','Villa','ZeeVil@gmail.com','M'),
	 ('783 205 767','Ina','Marrero','InaMar@gmail.com','F'),
	 ('783 326 607','Ticiano','Malave','TicMal@gmail.com','F'),
	 ('783 391 636','Filippo','Gamboa','FilGam@gmail.com','M');
INSERT INTO KaraokeV3.Cliente (telefono,nombre,apellido,email,genero) VALUES
	 ('784 018 729','Maico','Berrios','MaiBer@gmail.com','M'),
	 ('784 038 783','Remedios','Salgado','RemSal@gmail.com','F'),
	 ('784 060 967','Alcia','Benítez','AlcBen@gmail.com','M'),
	 ('784 066 446','Lion','Gamez','LioGam@gmail.com','M'),
	 ('784 119 301','Itxaso','Galindo','ItxGal@gmail.com','M'),
	 ('784 749 889','Ben','Aguilar','BenAgu@gmail.com','M'),
	 ('785 061 635','Allison','Estévez','AllEst@gmail.com','M'),
	 ('785 154 106','Garcilaso','Reynoso','GarRey@gmail.com','F'),
	 ('785 429 349','Catalina','Ballesteros','CatBal@gmail.com','M'),
	 ('785 670 029','Robustiano','Jáquez','RobJáq@gmail.com','F');
INSERT INTO KaraokeV3.Cliente (telefono,nombre,apellido,email,genero) VALUES
	 ('785 742 203','Elía','Orellana','ElíOre@gmail.com','M'),
	 ('785 766 820','Henry','Crespo','HenCre@gmail.com','F'),
	 ('785 990 470','Carisa','Yáñez','CarYáñ@gmail.com','M'),
	 ('786 053 584','Cesario','Cerda','CesCer@gmail.com','M'),
	 ('786 248 953','Liza','Menéndez','LizMen@gmail.com','M'),
	 ('786 363 013','Jano','Navarro','JanNav@gmail.com','M'),
	 ('786 380 140','Naiara','Solorio','NaiSol@gmail.com','M'),
	 ('786 491 400','Thina','Marrero','ThiMar@gmail.com','F'),
	 ('786 507 359','Baudilio','Cervántez','BauCer@gmail.com','M'),
	 ('786 610 010','Primavera','Carrasco','PriCar@gmail.com','F');
INSERT INTO KaraokeV3.Cliente (telefono,nombre,apellido,email,genero) VALUES
	 ('786 753 675','Lelica','Montanez','LelMon@gmail.com','F'),
	 ('787 249 425','Blanca','Cotto','BlaCot@gmail.com','M'),
	 ('787 423 472','Matteo','Padilla','MatPad@gmail.com','M'),
	 ('787 431 204','Claudino','Sedillo','ClaSed@gmail.com','F'),
	 ('787 637 545','Nemesia','Loya','NemLoy@gmail.com','M'),
	 ('787 763 058','Olaf','Angulo','OlaAng@gmail.com','M'),
	 ('787 889 870','Sabelia','Atencio','SabAte@gmail.com','F'),
	 ('788 084 181','Olimpo','Atencio','OliAte@gmail.com','F'),
	 ('788 150 236','Athos','Atencio','AthAte@gmail.com','F'),
	 ('788 191 288','Nerón','Morales','NerMor@gmail.com','F');
INSERT INTO KaraokeV3.Cliente (telefono,nombre,apellido,email,genero) VALUES
	 ('788 614 551','Alaide','Espinoza','AlaEsp@gmail.com','M'),
	 ('788 763 043','Marisabel','Alanis','MarAla@gmail.com','F'),
	 ('789 253 204','Jacqueline','Murillo','JacMur@gmail.com','F'),
	 ('789 621 202','Carissa','Molina','CarMol@gmail.com','M'),
	 ('789 715 357','Genara','Ramos','GenRam@gmail.com','M'),
	 ('789 758 827','Umbelina','Ávila','UmbÁvi@gmail.com','F'),
	 ('789 964 501','Nontue','Alcalá','NonAlc@gmail.com','F'),
	 ('790 330 469','Maribel','Yáñez','MarYáñ@gmail.com','F'),
	 ('790 457 988','Adam','Vasquez','AdaVas@gmail.com','M'),
	 ('790 698 320','Numa','Batista','NumBat@gmail.com','F');
INSERT INTO KaraokeV3.Cliente (telefono,nombre,apellido,email,genero) VALUES
	 ('790 746 277','Exaltación','Ocampo','ExaOca@gmail.com','M'),
	 ('791 034 623','Mederico','Botello','MedBot@gmail.com','M'),
	 ('791 042 420','Liu','Maldonado','LiuMal@gmail.com','F'),
	 ('791 155 573','Romina','Rubio','RomRub@gmail.com','M'),
	 ('791 686 196','Ilya','Paez','IlyPae@gmail.com','F'),
	 ('791 843 982','Penny','Calvillo','PenCal@gmail.com','F'),
	 ('791 986 804','Geppe','Lerma','GepLer@gmail.com','F'),
	 ('792 446 496','Arnold','Ybarra','ArnYba@gmail.com','M'),
	 ('792 477 032','Jocabed','Zelaya','JocZel@gmail.com','M'),
	 ('792 509 526','Silvina','Granados','SilGra@gmail.com','M');
INSERT INTO KaraokeV3.Cliente (telefono,nombre,apellido,email,genero) VALUES
	 ('792 607 618','Mar','Pedraza','MarPed@gmail.com','F'),
	 ('792 625 433','Yunca','Trujillo','YunTru@gmail.com','F'),
	 ('792 752 309','Estanislao','Feliciano','EstFel@gmail.com','M'),
	 ('792 936 730','Falco','Aranda','FalAra@gmail.com','F'),
	 ('792 956 952','Paris','Escamilla','ParEsc@gmail.com','M'),
	 ('793 446 169','Javiera','Rosales','JavRos@gmail.com','M'),
	 ('793 899 255','Axel','Zaragoza','AxeZar@gmail.com','F'),
	 ('793 978 986','Oda','Duran','OdaDur@gmail.com','F'),
	 ('794 606 351','Apeles','Concepción','ApeCon@gmail.com','F'),
	 ('794 638 302','Faustine','Tafoya','FauTaf@gmail.com','M');
INSERT INTO KaraokeV3.Cliente (telefono,nombre,apellido,email,genero) VALUES
	 ('794 725 912','Henedina','Lara','HenLar@gmail.com','M'),
	 ('794 791 698','Herodiade','Barajas','HerBar@gmail.com','M'),
	 ('794 801 013','Axel','Posada','AxePos@gmail.com','M'),
	 ('794 808 100','Sylvester','Ruelas','SylRue@gmail.com','M'),
	 ('794 875 936','Fulco','Castaneda','FulCas@gmail.com','M'),
	 ('795 147 002','Asael','Alcaraz','AsaAlc@gmail.com','M'),
	 ('795 178 448','Tara','Partida','TarPar@gmail.com','F'),
	 ('795 201 877','Tehuel','Cordero','TehCor@gmail.com','F'),
	 ('795 305 972','Deodato','Calvillo','DeoCal@gmail.com','M'),
	 ('795 448 620','Yamel','Aponte','YamApo@gmail.com','M');
INSERT INTO KaraokeV3.Cliente (telefono,nombre,apellido,email,genero) VALUES
	 ('795 684 202','Leonila','Fonseca','LeoFon@gmail.com','M'),
	 ('795 953 885','Paine','Madrigal','PaiMad@gmail.com','F'),
	 ('796 013 909','Panambi','Camarillo','PanCam@gmail.com','M'),
	 ('796 198 962','Olmo','Abrego','OlmAbr@gmail.com','M'),
	 ('796 460 335','Itatí','Nieves','ItaNie@gmail.com','M'),
	 ('796 466 447','Melba','Aguirre','MelAgu@gmail.com','M'),
	 ('796 513 541','Piuque','Rosado','PiuRos@gmail.com','M'),
	 ('796 722 646','Isaias','Carmona','IsaCar@gmail.com','F'),
	 ('797 134 632','Almira','Velez','AlmVel@gmail.com','M'),
	 ('797 326 420','Amalie','Téllez','AmaTél@gmail.com','F');
INSERT INTO KaraokeV3.Cliente (telefono,nombre,apellido,email,genero) VALUES
	 ('797 374 637','Prantxes','Valverde','PraVal@gmail.com','M'),
	 ('797 399 484','Liberal','Longoria','LibLon@gmail.com','M'),
	 ('797 504 028','Lilian','Arellano','LilAre@gmail.com','M'),
	 ('797 557 902','Zina','Marín','ZinMar@gmail.com','F'),
	 ('797 584 192','Afrodisio','Osorio','AfrOso@gmail.com','M'),
	 ('797 669 396','Zenon','Luevano','ZenLue@gmail.com','M'),
	 ('797 763 627','Eulogia','Paez','EulPae@gmail.com','F'),
	 ('797 943 385','Caspar','Quintero','CasQui@gmail.com','M'),
	 ('797 963 699','Estanislao','Jaramillo','EstJar@gmail.com','M'),
	 ('798 331 821','Belmiro','Benavidez','BelBen@gmail.com','M');
INSERT INTO KaraokeV3.Cliente (telefono,nombre,apellido,email,genero) VALUES
	 ('798 899 472','Manela','Peralta','ManPer@gmail.com','M'),
	 ('798 906 732','Duncan','Mascarenas','DunMas@gmail.com','F'),
	 ('799 291 410','Milan','Espinosa','MilEsp@gmail.com','M'),
	 ('799 294 432','Yakue','Espino','YakEsp@gmail.com','F'),
	 ('799 434 361','Alulay','Domínguez','AluDom@gmail.com','M'),
	 ('799 541 427','Michaela','Muñoz','MicMuñ@gmail.com','M'),
	 ('799 596 334','Eyén','Estrada','EyéEst@gmail.com','M'),
	 ('799 765 747','Diógenes','Márquez','DióMár@gmail.com','M'),
	 ('799 786 135','Miki','Serrano','MikSer@gmail.com','F'),
	 ('799 815 243','Andreas','Arenas','AndAre@gmail.com','M');

-- REGISTROS EMPLEADOS
INSERT INTO KaraokeV3.Empleado (id_emp,nombre,apellido,fec_nac,email,tlf,tipo_emp,turno,genero) VALUES
	 ('EMP-1','Alejandro','García López','1990-01-15','AleGar@gmail.com','667-659-4870','Jefe','completo','M'),
	 ('EMP-10','Lucia','Torres Pérez','1993-03-12','LucTor@gmail.com','371-808-3780','Normal','tarde','F'),
	 ('EMP-11','Jose','Romero Vargas','1984-08-31','JosRom@gmail.com','947-673-4067','Normal','mañana','M'),
	 ('EMP-12','Ana','Morales Silva','1976-11-19','AnaMor@gmail.com','647-323-2898','Normal','mañana','F'),
	 ('EMP-13','Luis','Castro Mendoza','1994-05-08','LuiCas@gmail.com','271-169-0198','Recepcionista','mañana','M'),
	 ('EMP-14','Martina','Ortega Paredes','1988-09-23','MarOrt@gmail.com','958-241-2764','Normal','tarde','F'),
	 ('EMP-15','Antonio','Ríos Navarro','1980-12-02','AntRío@gmail.com','432-574-8691','Normal','tarde','M'),
	 ('EMP-16','Gabriela','Mendoza Castro','1995-01-20','GabMen@gmail.com','198-402-0866','Normal','tarde','F'),
	 ('EMP-17','Francisco','Paredes Ortega','1986-07-05','FraPar@gmail.com','528-537-6274','Normal','mañana','M'),
	 ('EMP-18','Natalia','Navarro Ríos','1977-10-17','NatNav@gmail.com','351-819-4119','Normal','tarde','F');
INSERT INTO KaraokeV3.Empleado (id_emp,nombre,apellido,fec_nac,email,tlf,tipo_emp,turno,genero) VALUES
	 ('EMP-19','Manuel','Vargas Romero','1996-02-14','ManVar@gmail.com','597-580-7667','Normal','mañana','M'),
	 ('EMP-2','Sofia','Rodríguez Fernández','1985-07-03','SofRod@gmail.com','766-505-7798','Recepcionista','tarde','F'),
	 ('EMP-20','Elena','Silva Morales','1989-06-29','EleSil@gmail.com','805-698-5494','Normal','mañana','F'),
	 ('EMP-3','Diego','Martínez González','1978-11-22','DieMar@gmail.com','341-603-6517','Normal','mañana','M'),
	 ('EMP-4','Isabella','Sánchez Ramírez','1992-04-10','IsaSán@gmail.com','492-739-9387','Normal','tarde','F'),
	 ('EMP-5','Carlos','Pérez Torres','1983-09-28','CarPér@gmail.com','328-872-7455','Normal','mañana','M'),
	 ('EMP-6','Valentina','López García','1975-12-07','ValLóp@gmail.com','852-578-8994','Normal','tarde','F'),
	 ('EMP-7','Juan','Fernández Rodríguez','1991-02-18','JuaFer@gmail.com','160-225-1474','Normal','mañana','M'),
	 ('EMP-8','Camila','González Martínez','1987-06-25','CamGon@gmail.com','389-649-2669','Normal','tarde','F'),
	 ('EMP-9','Miguel','Ramírez Sánchez','1979-10-14','MigRam@gmail.com','843-764-7284','Normal','tarde','M');

-- REGISTROS EQUIPO
INSERT INTO KaraokeV3.Equipo (id_equi,estado,tipo,marca,num_sala) VALUES
	 (1,'Regular','Amplificador de potencia','Yamaha',1),
	 (2,'Bueno','altavoces','Klipsch',1),
	 (3,'Bueno','Mezclador de audio','Audio-Technica',1),
	 (4,'Bueno','Microfonos','Sony',1),
	 (5,'Regular','Reproductor de musica','Philips',1),
	 (6,'Regular','Monitor de video','LG',1),
	 (7,'Bueno','Cables de conexion','Monster',1),
	 (8,'Malo','Amplificador de potencia','Yamaha',2),
	 (9,'Bueno','altavoces','Klipsch',2),
	 (10,'Regular','Mezclador de audio','Audio-Technica',2);
INSERT INTO KaraokeV3.Equipo (id_equi,estado,tipo,marca,num_sala) VALUES
	 (11,'Bueno','Microfonos','Sony',2),
	 (12,'Bueno','Reproductor de musica','Philips',2),
	 (13,'Malo','Monitor de video','LG',2),
	 (14,'Bueno','Cables de conexion','Monster',2),
	 (15,'Bueno','Amplificador de potencia','Yamaha',3),
	 (16,'Bueno','altavoces','Klipsch',3),
	 (17,'Bueno','Mezclador de audio','Audio-Technica',3),
	 (18,'Bueno','Microfonos','Sony',3),
	 (19,'Regular','Reproductor de musica','Philips',3),
	 (20,'Bueno','Monitor de video','LG',3);
INSERT INTO KaraokeV3.Equipo (id_equi,estado,tipo,marca,num_sala) VALUES
	 (21,'Regular','Cables de conexion','Monster',3),
	 (22,'Regular','Amplificador de potencia','Yamaha',4),
	 (23,'Bueno','altavoces','Klipsch',4),
	 (24,'Bueno','Mezclador de audio','Audio-Technica',4),
	 (25,'Malo','Microfonos','Sony',4),
	 (26,'Bueno','Reproductor de musica','Philips',4),
	 (27,'Bueno','Monitor de video','LG',4),
	 (28,'Bueno','Cables de conexion','Monster',4),
	 (29,'Malo','Amplificador de potencia','Yamaha',5),
	 (30,'Bueno','altavoces','Klipsch',5);
INSERT INTO KaraokeV3.Equipo (id_equi,estado,tipo,marca,num_sala) VALUES
	 (31,'Malo','Mezclador de audio','Audio-Technica',5),
	 (32,'Malo','Microfonos','Sony',5),
	 (33,'Bueno','Reproductor de musica','Philips',5),
	 (34,'Regular','Monitor de video','LG',5),
	 (35,'Malo','Cables de conexion','Monster',5),
	 (36,'Regular','Amplificador de potencia','Yamaha',6),
	 (37,'Bueno','altavoces','Klipsch',6),
	 (38,'Regular','Mezclador de audio','Audio-Technica',6),
	 (39,'Malo','Microfonos','Sony',6),
	 (40,'Malo','Reproductor de musica','Philips',6);
INSERT INTO KaraokeV3.Equipo (id_equi,estado,tipo,marca,num_sala) VALUES
	 (41,'Bueno','Monitor de video','LG',6),
	 (42,'Malo','Cables de conexion','Monster',6),
	 (43,'Regular','Amplificador de potencia','Yamaha',7),
	 (44,'Malo','altavoces','Klipsch',7),
	 (45,'Bueno','Mezclador de audio','Audio-Technica',7),
	 (46,'Regular','Microfonos','Sony',7),
	 (47,'Regular','Reproductor de musica','Philips',7),
	 (48,'Bueno','Monitor de video','LG',7),
	 (49,'Bueno','Cables de conexion','Monster',7),
	 (50,'Malo','Amplificador de potencia','Yamaha',8);
INSERT INTO KaraokeV3.Equipo (id_equi,estado,tipo,marca,num_sala) VALUES
	 (51,'Bueno','altavoces','Klipsch',8),
	 (52,'Bueno','Mezclador de audio','Audio-Technica',8),
	 (53,'Malo','Microfonos','Sony',8),
	 (54,'Bueno','Reproductor de musica','Philips',8),
	 (55,'Regular','Monitor de video','LG',8),
	 (56,'Bueno','Cables de conexion','Monster',8),
	 (57,'Bueno','Amplificador de potencia','Yamaha',9),
	 (58,'Bueno','altavoces','Klipsch',9),
	 (59,'Malo','Mezclador de audio','Audio-Technica',9),
	 (60,'Bueno','Microfonos','Sony',9);
INSERT INTO KaraokeV3.Equipo (id_equi,estado,tipo,marca,num_sala) VALUES
	 (61,'Bueno','Reproductor de musica','Philips',9),
	 (62,'Malo','Monitor de video','LG',9),
	 (63,'Regular','Cables de conexion','Monster',9);

-- REGISTROS HORARIO
INSERT INTO KaraokeV3.Horario (dia,h_entrada,h_salida,id_emp) VALUES
	 ('2021-08-22','07:30:00','10:30:00','EMP-1'),
	 ('2021-08-22','08:04:02','13:59:31','EMP-10'),
	 ('2021-08-22','08:04:53','13:57:20','EMP-11'),
	 ('2021-08-22','08:01:46','13:56:35','EMP-12'),
	 ('2021-08-22','16:03:18','21:55:52','EMP-13'),
	 ('2021-08-22','16:00:23','21:56:39','EMP-14'),
	 ('2021-08-22','16:03:40','21:59:19','EMP-15'),
	 ('2021-08-22','08:01:18','13:55:04','EMP-16'),
	 ('2021-08-22','16:02:17','21:56:09','EMP-17'),
	 ('2021-08-22','08:01:35','13:57:24','EMP-18');
INSERT INTO KaraokeV3.Horario (dia,h_entrada,h_salida,id_emp) VALUES
	 ('2021-08-22','16:01:21','21:57:34','EMP-19'),
	 ('2021-08-22','08:00:06','13:55:58','EMP-2'),
	 ('2021-08-22','08:01:37','13:59:06','EMP-20'),
	 ('2021-08-22','16:04:15','21:59:13','EMP-3'),
	 ('2021-08-22','08:04:01','13:55:41','EMP-4'),
	 ('2021-08-22','16:00:10','21:56:25','EMP-5'),
	 ('2021-08-22','08:00:52','13:59:01','EMP-6'),
	 ('2021-08-22','16:03:07','21:59:14','EMP-7'),
	 ('2021-08-22','16:04:56','21:57:41','EMP-8'),
	 ('2021-08-22','16:02:21','21:59:15','EMP-9');
INSERT INTO KaraokeV3.Horario (dia,h_entrada,h_salida,id_emp) VALUES
	 ('2021-08-23','07:30:00','10:30:00','EMP-1'),
	 ('2021-08-23','08:04:02','13:59:31','EMP-10'),
	 ('2021-08-23','08:04:53','13:57:20','EMP-11'),
	 ('2021-08-23','08:01:46','13:56:35','EMP-12'),
	 ('2021-08-23','16:03:18','21:55:52','EMP-13'),
	 ('2021-08-23','16:00:23','21:56:39','EMP-14'),
	 ('2021-08-23','16:03:40','21:59:19','EMP-15'),
	 ('2021-08-23','08:01:18','13:55:04','EMP-16'),
	 ('2021-08-23','16:02:17','21:56:09','EMP-17'),
	 ('2021-08-23','08:01:35','13:57:24','EMP-18');
INSERT INTO KaraokeV3.Horario (dia,h_entrada,h_salida,id_emp) VALUES
	 ('2021-08-23','16:01:21','21:57:34','EMP-19'),
	 ('2021-08-23','08:00:06','13:55:58','EMP-2'),
	 ('2021-08-23','08:01:37','13:59:06','EMP-20'),
	 ('2021-08-23','16:04:15','21:59:13','EMP-3'),
	 ('2021-08-23','08:04:01','13:55:41','EMP-4'),
	 ('2021-08-23','16:00:10','21:56:25','EMP-5'),
	 ('2021-08-23','08:00:52','13:59:01','EMP-6'),
	 ('2021-08-23','16:03:07','21:59:14','EMP-7'),
	 ('2021-08-23','16:04:56','21:57:41','EMP-8'),
	 ('2021-08-23','16:02:21','21:59:15','EMP-9');
INSERT INTO KaraokeV3.Horario (dia,h_entrada,h_salida,id_emp) VALUES
	 ('2021-08-24','07:30:00','10:30:00','EMP-1'),
	 ('2021-08-24','08:04:02','13:59:31','EMP-10'),
	 ('2021-08-24','08:04:53','13:57:20','EMP-11'),
	 ('2021-08-24','08:01:46','13:56:35','EMP-12'),
	 ('2021-08-24','16:03:18','21:55:52','EMP-13'),
	 ('2021-08-24','16:00:23','21:56:39','EMP-14'),
	 ('2021-08-24','16:03:40','21:59:19','EMP-15'),
	 ('2021-08-24','08:01:18','13:55:04','EMP-16'),
	 ('2021-08-24','16:02:17','21:56:09','EMP-17'),
	 ('2021-08-24','08:01:35','13:57:24','EMP-18');
INSERT INTO KaraokeV3.Horario (dia,h_entrada,h_salida,id_emp) VALUES
	 ('2021-08-24','16:01:21','21:57:34','EMP-19'),
	 ('2021-08-24','08:00:06','13:55:58','EMP-2'),
	 ('2021-08-24','08:01:37','13:59:06','EMP-20'),
	 ('2021-08-24','16:04:15','21:59:13','EMP-3'),
	 ('2021-08-24','08:04:01','13:55:41','EMP-4'),
	 ('2021-08-24','16:00:10','21:56:25','EMP-5'),
	 ('2021-08-24','08:00:52','13:59:01','EMP-6'),
	 ('2021-08-24','16:03:07','21:59:14','EMP-7'),
	 ('2021-08-24','16:04:56','21:57:41','EMP-8'),
	 ('2021-08-24','16:02:21','21:59:15','EMP-9');
INSERT INTO KaraokeV3.Horario (dia,h_entrada,h_salida,id_emp) VALUES
	 ('2021-08-25','07:30:00','10:30:00','EMP-1'),
	 ('2021-08-25','08:04:02','13:59:31','EMP-10'),
	 ('2021-08-25','08:04:53','13:57:20','EMP-11'),
	 ('2021-08-25','08:01:46','13:56:35','EMP-12'),
	 ('2021-08-25','16:03:18','21:55:52','EMP-13'),
	 ('2021-08-25','16:00:23','21:56:39','EMP-14'),
	 ('2021-08-25','16:03:40','21:59:19','EMP-15'),
	 ('2021-08-25','08:01:18','13:55:04','EMP-16'),
	 ('2021-08-25','16:02:17','21:56:09','EMP-17'),
	 ('2021-08-25','08:01:35','13:57:24','EMP-18');
INSERT INTO KaraokeV3.Horario (dia,h_entrada,h_salida,id_emp) VALUES
	 ('2021-08-25','16:01:21','21:57:34','EMP-19'),
	 ('2021-08-25','08:00:06','13:55:58','EMP-2'),
	 ('2021-08-25','08:01:37','13:59:06','EMP-20'),
	 ('2021-08-25','16:04:15','21:59:13','EMP-3'),
	 ('2021-08-25','08:04:01','13:55:41','EMP-4'),
	 ('2021-08-25','16:00:10','21:56:25','EMP-5'),
	 ('2021-08-25','08:00:52','13:59:01','EMP-6'),
	 ('2021-08-25','16:03:07','21:59:14','EMP-7'),
	 ('2021-08-25','16:04:56','21:57:41','EMP-8'),
	 ('2021-08-25','16:02:21','21:59:15','EMP-9');
INSERT INTO KaraokeV3.Horario (dia,h_entrada,h_salida,id_emp) VALUES
	 ('2021-08-26','07:30:00','10:30:00','EMP-1'),
	 ('2021-08-26','08:04:02','13:59:31','EMP-10'),
	 ('2021-08-26','08:04:53','13:57:20','EMP-11'),
	 ('2021-08-26','08:01:46','13:56:35','EMP-12'),
	 ('2021-08-26','16:03:18','21:55:52','EMP-13'),
	 ('2021-08-26','16:00:23','21:56:39','EMP-14'),
	 ('2021-08-26','16:03:40','21:59:19','EMP-15'),
	 ('2021-08-26','08:01:18','13:55:04','EMP-16'),
	 ('2021-08-26','16:02:17','21:56:09','EMP-17'),
	 ('2021-08-26','08:01:35','13:57:24','EMP-18');
INSERT INTO KaraokeV3.Horario (dia,h_entrada,h_salida,id_emp) VALUES
	 ('2021-08-26','16:01:21','21:57:34','EMP-19'),
	 ('2021-08-26','08:00:06','13:55:58','EMP-2'),
	 ('2021-08-26','08:01:37','13:59:06','EMP-20'),
	 ('2021-08-26','16:04:15','21:59:13','EMP-3'),
	 ('2021-08-26','08:04:01','13:55:41','EMP-4'),
	 ('2021-08-26','16:00:10','21:56:25','EMP-5'),
	 ('2021-08-26','08:00:52','13:59:01','EMP-6'),
	 ('2021-08-26','16:03:07','21:59:14','EMP-7'),
	 ('2021-08-26','16:04:56','21:57:41','EMP-8'),
	 ('2021-08-26','16:02:21','21:59:15','EMP-9');
INSERT INTO KaraokeV3.Horario (dia,h_entrada,h_salida,id_emp) VALUES
	 ('2021-08-27','07:30:00','10:30:00','EMP-1'),
	 ('2021-08-27','08:04:02','13:59:31','EMP-10'),
	 ('2021-08-27','08:04:53','13:57:20','EMP-11'),
	 ('2021-08-27','08:01:46','13:56:35','EMP-12'),
	 ('2021-08-27','16:03:18','21:55:52','EMP-13'),
	 ('2021-08-27','16:00:23','21:56:39','EMP-14'),
	 ('2021-08-27','16:03:40','21:59:19','EMP-15'),
	 ('2021-08-27','08:01:18','13:55:04','EMP-16'),
	 ('2021-08-27','16:02:17','21:56:09','EMP-17'),
	 ('2021-08-27','08:01:35','13:57:24','EMP-18');
INSERT INTO KaraokeV3.Horario (dia,h_entrada,h_salida,id_emp) VALUES
	 ('2021-08-27','16:01:21','21:57:34','EMP-19'),
	 ('2021-08-27','08:00:06','13:55:58','EMP-2'),
	 ('2021-08-27','08:01:37','13:59:06','EMP-20'),
	 ('2021-08-27','16:04:15','21:59:13','EMP-3'),
	 ('2021-08-27','08:04:01','13:55:41','EMP-4'),
	 ('2021-08-27','16:00:10','21:56:25','EMP-5'),
	 ('2021-08-27','08:00:52','13:59:01','EMP-6'),
	 ('2021-08-27','16:03:07','21:59:14','EMP-7'),
	 ('2021-08-27','16:04:56','21:57:41','EMP-8'),
	 ('2021-08-27','16:02:21','21:59:15','EMP-9');
INSERT INTO KaraokeV3.Horario (dia,h_entrada,h_salida,id_emp) VALUES
	 ('2021-08-28','07:30:00','10:30:00','EMP-1'),
	 ('2021-08-28','08:04:02','13:59:31','EMP-10'),
	 ('2021-08-28','08:04:53','13:57:20','EMP-11'),
	 ('2021-08-28','08:01:46','13:56:35','EMP-12'),
	 ('2021-08-28','16:03:18','21:55:52','EMP-13'),
	 ('2021-08-28','16:00:23','21:56:39','EMP-14'),
	 ('2021-08-28','16:03:40','21:59:19','EMP-15'),
	 ('2021-08-28','08:01:18','13:55:04','EMP-16'),
	 ('2021-08-28','16:02:17','21:56:09','EMP-17'),
	 ('2021-08-28','08:01:35','13:57:24','EMP-18');
INSERT INTO KaraokeV3.Horario (dia,h_entrada,h_salida,id_emp) VALUES
	 ('2021-08-28','16:01:21','21:57:34','EMP-19'),
	 ('2021-08-28','08:00:06','13:55:58','EMP-2'),
	 ('2021-08-28','08:01:37','13:59:06','EMP-20'),
	 ('2021-08-28','16:04:15','21:59:13','EMP-3'),
	 ('2021-08-28','08:04:01','13:55:41','EMP-4'),
	 ('2021-08-28','16:00:10','21:56:25','EMP-5'),
	 ('2021-08-28','08:00:52','13:59:01','EMP-6'),
	 ('2021-08-28','16:03:07','21:59:14','EMP-7'),
	 ('2021-08-28','16:04:56','21:57:41','EMP-8'),
	 ('2021-08-28','16:02:21','21:59:15','EMP-9');
INSERT INTO KaraokeV3.Horario (dia,h_entrada,h_salida,id_emp) VALUES
	 ('2021-08-29','07:30:00','10:30:00','EMP-1'),
	 ('2021-08-29','08:04:02','13:59:31','EMP-10'),
	 ('2021-08-29','08:04:53','13:57:20','EMP-11'),
	 ('2021-08-29','08:01:46','13:56:35','EMP-12'),
	 ('2021-08-29','16:03:18','21:55:52','EMP-13'),
	 ('2021-08-29','16:00:23','21:56:39','EMP-14'),
	 ('2021-08-29','16:03:40','21:59:19','EMP-15'),
	 ('2021-08-29','08:01:18','13:55:04','EMP-16'),
	 ('2021-08-29','16:02:17','21:56:09','EMP-17'),
	 ('2021-08-29','08:01:35','13:57:24','EMP-18');
INSERT INTO KaraokeV3.Horario (dia,h_entrada,h_salida,id_emp) VALUES
	 ('2021-08-29','16:01:21','21:57:34','EMP-19'),
	 ('2021-08-29','08:00:06','13:55:58','EMP-2'),
	 ('2021-08-29','08:01:37','13:59:06','EMP-20'),
	 ('2021-08-29','16:04:15','21:59:13','EMP-3'),
	 ('2021-08-29','08:04:01','13:55:41','EMP-4'),
	 ('2021-08-29','16:00:10','21:56:25','EMP-5'),
	 ('2021-08-29','08:00:52','13:59:01','EMP-6'),
	 ('2021-08-29','16:03:07','21:59:14','EMP-7'),
	 ('2021-08-29','16:04:56','21:57:41','EMP-8'),
	 ('2021-08-29','16:02:21','21:59:15','EMP-9');
INSERT INTO KaraokeV3.Horario (dia,h_entrada,h_salida,id_emp) VALUES
	 ('2021-08-30','07:30:00','10:30:00','EMP-1'),
	 ('2021-08-30','08:04:02','13:59:31','EMP-10'),
	 ('2021-08-30','08:04:53','13:57:20','EMP-11'),
	 ('2021-08-30','08:01:46','13:56:35','EMP-12'),
	 ('2021-08-30','16:03:18','21:55:52','EMP-13'),
	 ('2021-08-30','16:00:23','21:56:39','EMP-14'),
	 ('2021-08-30','16:03:40','21:59:19','EMP-15'),
	 ('2021-08-30','08:01:18','13:55:04','EMP-16'),
	 ('2021-08-30','16:02:17','21:56:09','EMP-17'),
	 ('2021-08-30','08:01:35','13:57:24','EMP-18');
INSERT INTO KaraokeV3.Horario (dia,h_entrada,h_salida,id_emp) VALUES
	 ('2021-08-30','16:01:21','21:57:34','EMP-19'),
	 ('2021-08-30','08:00:06','13:55:58','EMP-2'),
	 ('2021-08-30','08:01:37','13:59:06','EMP-20'),
	 ('2021-08-30','16:04:15','21:59:13','EMP-3'),
	 ('2021-08-30','08:04:01','13:55:41','EMP-4'),
	 ('2021-08-30','16:00:10','21:56:25','EMP-5'),
	 ('2021-08-30','08:00:52','13:59:01','EMP-6'),
	 ('2021-08-30','16:03:07','21:59:14','EMP-7'),
	 ('2021-08-30','16:04:56','21:57:41','EMP-8'),
	 ('2021-08-30','16:02:21','21:59:15','EMP-9');
INSERT INTO KaraokeV3.Horario (dia,h_entrada,h_salida,id_emp) VALUES
	 ('2021-08-31','07:30:00','10:30:00','EMP-1'),
	 ('2021-08-31','08:04:02','13:59:31','EMP-10'),
	 ('2021-08-31','08:04:53','13:57:20','EMP-11'),
	 ('2021-08-31','08:01:46','13:56:35','EMP-12'),
	 ('2021-08-31','16:03:18','21:55:52','EMP-13'),
	 ('2021-08-31','16:00:23','21:56:39','EMP-14'),
	 ('2021-08-31','16:03:40','21:59:19','EMP-15'),
	 ('2021-08-31','08:01:18','13:55:04','EMP-16'),
	 ('2021-08-31','16:02:17','21:56:09','EMP-17'),
	 ('2021-08-31','08:01:35','13:57:24','EMP-18');
INSERT INTO KaraokeV3.Horario (dia,h_entrada,h_salida,id_emp) VALUES
	 ('2021-08-31','16:01:21','21:57:34','EMP-19'),
	 ('2021-08-31','08:00:06','13:55:58','EMP-2'),
	 ('2021-08-31','08:01:37','13:59:06','EMP-20'),
	 ('2021-08-31','16:04:15','21:59:13','EMP-3'),
	 ('2021-08-31','08:04:01','13:55:41','EMP-4'),
	 ('2021-08-31','16:00:10','21:56:25','EMP-5'),
	 ('2021-08-31','08:00:52','13:59:01','EMP-6'),
	 ('2021-08-31','16:03:07','21:59:14','EMP-7'),
	 ('2021-08-31','16:04:56','21:57:41','EMP-8'),
	 ('2021-08-31','16:02:21','21:59:15','EMP-9');
INSERT INTO KaraokeV3.Horario (dia,h_entrada,h_salida,id_emp) VALUES
	 ('2021-09-01','07:30:00','10:30:00','EMP-1'),
	 ('2021-09-01','08:04:02','13:59:31','EMP-10'),
	 ('2021-09-01','08:04:53','13:57:20','EMP-11'),
	 ('2021-09-01','08:01:46','13:56:35','EMP-12'),
	 ('2021-09-01','16:03:18','21:55:52','EMP-13'),
	 ('2021-09-01','16:00:23','21:56:39','EMP-14'),
	 ('2021-09-01','16:03:40','21:59:19','EMP-15'),
	 ('2021-09-01','08:01:18','13:55:04','EMP-16'),
	 ('2021-09-01','16:02:17','21:56:09','EMP-17'),
	 ('2021-09-01','08:01:35','13:57:24','EMP-18');
INSERT INTO KaraokeV3.Horario (dia,h_entrada,h_salida,id_emp) VALUES
	 ('2021-09-01','16:01:21','21:57:34','EMP-19'),
	 ('2021-09-01','08:00:06','13:55:58','EMP-2'),
	 ('2021-09-01','08:01:37','13:59:06','EMP-20'),
	 ('2021-09-01','16:04:15','21:59:13','EMP-3'),
	 ('2021-09-01','08:04:01','13:55:41','EMP-4'),
	 ('2021-09-01','16:00:10','21:56:25','EMP-5'),
	 ('2021-09-01','08:00:52','13:59:01','EMP-6'),
	 ('2021-09-01','16:03:07','21:59:14','EMP-7'),
	 ('2021-09-01','16:04:56','21:57:41','EMP-8'),
	 ('2021-09-01','16:02:21','21:59:15','EMP-9');
INSERT INTO KaraokeV3.Horario (dia,h_entrada,h_salida,id_emp) VALUES
	 ('2021-09-02','07:30:00','10:30:00','EMP-1'),
	 ('2021-09-02','08:04:02','13:59:31','EMP-10'),
	 ('2021-09-02','08:04:53','13:57:20','EMP-11'),
	 ('2021-09-02','08:01:46','13:56:35','EMP-12'),
	 ('2021-09-02','16:03:18','21:55:52','EMP-13'),
	 ('2021-09-02','16:00:23','21:56:39','EMP-14'),
	 ('2021-09-02','16:03:40','21:59:19','EMP-15'),
	 ('2021-09-02','08:01:18','13:55:04','EMP-16'),
	 ('2021-09-02','16:02:17','21:56:09','EMP-17'),
	 ('2021-09-02','08:01:35','13:57:24','EMP-18');
INSERT INTO KaraokeV3.Horario (dia,h_entrada,h_salida,id_emp) VALUES
	 ('2021-09-02','16:01:21','21:57:34','EMP-19'),
	 ('2021-09-02','08:00:06','13:55:58','EMP-2'),
	 ('2021-09-02','08:01:37','13:59:06','EMP-20'),
	 ('2021-09-02','16:04:15','21:59:13','EMP-3'),
	 ('2021-09-02','08:04:01','13:55:41','EMP-4'),
	 ('2021-09-02','16:00:10','21:56:25','EMP-5'),
	 ('2021-09-02','08:00:52','13:59:01','EMP-6'),
	 ('2021-09-02','16:03:07','21:59:14','EMP-7'),
	 ('2021-09-02','16:04:56','21:57:41','EMP-8'),
	 ('2021-09-02','16:02:21','21:59:15','EMP-9');
INSERT INTO KaraokeV3.Horario (dia,h_entrada,h_salida,id_emp) VALUES
	 ('2021-09-03','07:30:00','10:30:00','EMP-1'),
	 ('2021-09-03','08:04:02','13:59:31','EMP-10'),
	 ('2021-09-03','08:04:53','13:57:20','EMP-11'),
	 ('2021-09-03','08:01:46','13:56:35','EMP-12'),
	 ('2021-09-03','16:03:18','21:55:52','EMP-13'),
	 ('2021-09-03','16:00:23','21:56:39','EMP-14'),
	 ('2021-09-03','16:03:40','21:59:19','EMP-15'),
	 ('2021-09-03','08:01:18','13:55:04','EMP-16'),
	 ('2021-09-03','16:02:17','21:56:09','EMP-17'),
	 ('2021-09-03','08:01:35','13:57:24','EMP-18');
INSERT INTO KaraokeV3.Horario (dia,h_entrada,h_salida,id_emp) VALUES
	 ('2021-09-03','16:01:21','21:57:34','EMP-19'),
	 ('2021-09-03','08:00:06','13:55:58','EMP-2'),
	 ('2021-09-03','08:01:37','13:59:06','EMP-20'),
	 ('2021-09-03','16:04:15','21:59:13','EMP-3'),
	 ('2021-09-03','08:04:01','13:55:41','EMP-4'),
	 ('2021-09-03','16:00:10','21:56:25','EMP-5'),
	 ('2021-09-03','08:00:52','13:59:01','EMP-6'),
	 ('2021-09-03','16:03:07','21:59:14','EMP-7'),
	 ('2021-09-03','16:04:56','21:57:41','EMP-8'),
	 ('2021-09-03','16:02:21','21:59:15','EMP-9');
INSERT INTO KaraokeV3.Horario (dia,h_entrada,h_salida,id_emp) VALUES
	 ('2021-09-04','07:30:00','10:30:00','EMP-1'),
	 ('2021-09-04','08:04:02','13:59:31','EMP-10'),
	 ('2021-09-04','08:04:53','13:57:20','EMP-11'),
	 ('2021-09-04','08:01:46','13:56:35','EMP-12'),
	 ('2021-09-04','16:03:18','21:55:52','EMP-13'),
	 ('2021-09-04','16:00:23','21:56:39','EMP-14'),
	 ('2021-09-04','16:03:40','21:59:19','EMP-15'),
	 ('2021-09-04','08:01:18','13:55:04','EMP-16'),
	 ('2021-09-04','16:02:17','21:56:09','EMP-17'),
	 ('2021-09-04','08:01:35','13:57:24','EMP-18');
INSERT INTO KaraokeV3.Horario (dia,h_entrada,h_salida,id_emp) VALUES
	 ('2021-09-04','16:01:21','21:57:34','EMP-19'),
	 ('2021-09-04','08:00:06','13:55:58','EMP-2'),
	 ('2021-09-04','08:01:37','13:59:06','EMP-20'),
	 ('2021-09-04','16:04:15','21:59:13','EMP-3'),
	 ('2021-09-04','08:04:01','13:55:41','EMP-4'),
	 ('2021-09-04','16:00:10','21:56:25','EMP-5'),
	 ('2021-09-04','08:00:52','13:59:01','EMP-6'),
	 ('2021-09-04','16:03:07','21:59:14','EMP-7'),
	 ('2021-09-04','16:04:56','21:57:41','EMP-8'),
	 ('2021-09-04','16:02:21','21:59:15','EMP-9');
INSERT INTO KaraokeV3.Horario (dia,h_entrada,h_salida,id_emp) VALUES
	 ('2021-09-05','07:30:00','10:30:00','EMP-1'),
	 ('2021-09-05','08:04:02','13:59:31','EMP-10'),
	 ('2021-09-05','08:04:53','13:57:20','EMP-11'),
	 ('2021-09-05','08:01:46','13:56:35','EMP-12'),
	 ('2021-09-05','16:03:18','21:55:52','EMP-13'),
	 ('2021-09-05','16:00:23','21:56:39','EMP-14'),
	 ('2021-09-05','16:03:40','21:59:19','EMP-15'),
	 ('2021-09-05','08:01:18','13:55:04','EMP-16'),
	 ('2021-09-05','16:02:17','21:56:09','EMP-17'),
	 ('2021-09-05','08:01:35','13:57:24','EMP-18');
INSERT INTO KaraokeV3.Horario (dia,h_entrada,h_salida,id_emp) VALUES
	 ('2021-09-05','16:01:21','21:57:34','EMP-19'),
	 ('2021-09-05','08:00:06','13:55:58','EMP-2'),
	 ('2021-09-05','08:01:37','13:59:06','EMP-20'),
	 ('2021-09-05','16:04:15','21:59:13','EMP-3'),
	 ('2021-09-05','08:04:01','13:55:41','EMP-4'),
	 ('2021-09-05','16:00:10','21:56:25','EMP-5'),
	 ('2021-09-05','08:00:52','13:59:01','EMP-6'),
	 ('2021-09-05','16:03:07','21:59:14','EMP-7'),
	 ('2021-09-05','16:04:56','21:57:41','EMP-8'),
	 ('2021-09-05','16:02:21','21:59:15','EMP-9');
INSERT INTO KaraokeV3.Horario (dia,h_entrada,h_salida,id_emp) VALUES
	 ('2021-09-06','07:30:00','10:30:00','EMP-1'),
	 ('2021-09-06','08:04:02','13:59:31','EMP-10'),
	 ('2021-09-06','08:04:53','13:57:20','EMP-11'),
	 ('2021-09-06','08:01:46','13:56:35','EMP-12'),
	 ('2021-09-06','16:03:18','21:55:52','EMP-13'),
	 ('2021-09-06','16:00:23','21:56:39','EMP-14'),
	 ('2021-09-06','16:03:40','21:59:19','EMP-15'),
	 ('2021-09-06','08:01:18','13:55:04','EMP-16'),
	 ('2021-09-06','16:02:17','21:56:09','EMP-17'),
	 ('2021-09-06','08:01:35','13:57:24','EMP-18');
INSERT INTO KaraokeV3.Horario (dia,h_entrada,h_salida,id_emp) VALUES
	 ('2021-09-06','16:01:21','21:57:34','EMP-19'),
	 ('2021-09-06','08:00:06','13:55:58','EMP-2'),
	 ('2021-09-06','08:01:37','13:59:06','EMP-20'),
	 ('2021-09-06','16:04:15','21:59:13','EMP-3'),
	 ('2021-09-06','08:04:01','13:55:41','EMP-4'),
	 ('2021-09-06','16:00:10','21:56:25','EMP-5'),
	 ('2021-09-06','08:00:52','13:59:01','EMP-6'),
	 ('2021-09-06','16:03:07','21:59:14','EMP-7'),
	 ('2021-09-06','16:04:56','21:57:41','EMP-8'),
	 ('2021-09-06','16:02:21','21:59:15','EMP-9');
INSERT INTO KaraokeV3.Horario (dia,h_entrada,h_salida,id_emp) VALUES
	 ('2021-09-07','07:30:00','10:30:00','EMP-1'),
	 ('2021-09-07','08:04:02','13:59:31','EMP-10'),
	 ('2021-09-07','08:04:53','13:57:20','EMP-11'),
	 ('2021-09-07','08:01:46','13:56:35','EMP-12'),
	 ('2021-09-07','16:03:18','21:55:52','EMP-13'),
	 ('2021-09-07','16:00:23','21:56:39','EMP-14'),
	 ('2021-09-07','16:03:40','21:59:19','EMP-15'),
	 ('2021-09-07','08:01:18','13:55:04','EMP-16'),
	 ('2021-09-07','16:02:17','21:56:09','EMP-17'),
	 ('2021-09-07','08:01:35','13:57:24','EMP-18');
INSERT INTO KaraokeV3.Horario (dia,h_entrada,h_salida,id_emp) VALUES
	 ('2021-09-07','16:01:21','21:57:34','EMP-19'),
	 ('2021-09-07','08:00:06','13:55:58','EMP-2'),
	 ('2021-09-07','08:01:37','13:59:06','EMP-20'),
	 ('2021-09-07','16:04:15','21:59:13','EMP-3'),
	 ('2021-09-07','08:04:01','13:55:41','EMP-4'),
	 ('2021-09-07','16:00:10','21:56:25','EMP-5'),
	 ('2021-09-07','08:00:52','13:59:01','EMP-6'),
	 ('2021-09-07','16:03:07','21:59:14','EMP-7'),
	 ('2021-09-07','16:04:56','21:57:41','EMP-8'),
	 ('2021-09-07','16:02:21','21:59:15','EMP-9');
INSERT INTO KaraokeV3.Horario (dia,h_entrada,h_salida,id_emp) VALUES
	 ('2021-09-08','07:30:00','10:30:00','EMP-1'),
	 ('2021-09-08','08:04:02','13:59:31','EMP-10'),
	 ('2021-09-08','08:04:53','13:57:20','EMP-11'),
	 ('2021-09-08','08:01:46','13:56:35','EMP-12'),
	 ('2021-09-08','16:03:18','21:55:52','EMP-13'),
	 ('2021-09-08','16:00:23','21:56:39','EMP-14'),
	 ('2021-09-08','16:03:40','21:59:19','EMP-15'),
	 ('2021-09-08','08:01:18','13:55:04','EMP-16'),
	 ('2021-09-08','16:02:17','21:56:09','EMP-17'),
	 ('2021-09-08','08:01:35','13:57:24','EMP-18');
INSERT INTO KaraokeV3.Horario (dia,h_entrada,h_salida,id_emp) VALUES
	 ('2021-09-08','16:01:21','21:57:34','EMP-19'),
	 ('2021-09-08','08:00:06','13:55:58','EMP-2'),
	 ('2021-09-08','08:01:37','13:59:06','EMP-20'),
	 ('2021-09-08','16:04:15','21:59:13','EMP-3'),
	 ('2021-09-08','08:04:01','13:55:41','EMP-4'),
	 ('2021-09-08','16:00:10','21:56:25','EMP-5'),
	 ('2021-09-08','08:00:52','13:59:01','EMP-6'),
	 ('2021-09-08','16:03:07','21:59:14','EMP-7'),
	 ('2021-09-08','16:04:56','21:57:41','EMP-8'),
	 ('2021-09-08','16:02:21','21:59:15','EMP-9');
INSERT INTO KaraokeV3.Horario (dia,h_entrada,h_salida,id_emp) VALUES
	 ('2021-09-09','07:30:00','10:30:00','EMP-1'),
	 ('2021-09-09','08:04:02','13:59:31','EMP-10'),
	 ('2021-09-09','08:04:53','13:57:20','EMP-11'),
	 ('2021-09-09','08:01:46','13:56:35','EMP-12'),
	 ('2021-09-09','16:03:18','21:55:52','EMP-13'),
	 ('2021-09-09','16:00:23','21:56:39','EMP-14'),
	 ('2021-09-09','16:03:40','21:59:19','EMP-15'),
	 ('2021-09-09','08:01:18','13:55:04','EMP-16'),
	 ('2021-09-09','16:02:17','21:56:09','EMP-17'),
	 ('2021-09-09','08:01:35','13:57:24','EMP-18');
INSERT INTO KaraokeV3.Horario (dia,h_entrada,h_salida,id_emp) VALUES
	 ('2021-09-09','16:01:21','21:57:34','EMP-19'),
	 ('2021-09-09','08:00:06','13:55:58','EMP-2'),
	 ('2021-09-09','08:01:37','13:59:06','EMP-20'),
	 ('2021-09-09','16:04:15','21:59:13','EMP-3'),
	 ('2021-09-09','08:04:01','13:55:41','EMP-4'),
	 ('2021-09-09','16:00:10','21:56:25','EMP-5'),
	 ('2021-09-09','08:00:52','13:59:01','EMP-6'),
	 ('2021-09-09','16:03:07','21:59:14','EMP-7'),
	 ('2021-09-09','16:04:56','21:57:41','EMP-8'),
	 ('2021-09-09','16:02:21','21:59:15','EMP-9');
INSERT INTO KaraokeV3.Horario (dia,h_entrada,h_salida,id_emp) VALUES
	 ('2021-09-10','07:30:00','10:30:00','EMP-1'),
	 ('2021-09-10','08:04:02','13:59:31','EMP-10'),
	 ('2021-09-10','08:04:53','13:57:20','EMP-11'),
	 ('2021-09-10','08:01:46','13:56:35','EMP-12'),
	 ('2021-09-10','16:03:18','21:55:52','EMP-13'),
	 ('2021-09-10','16:00:23','21:56:39','EMP-14'),
	 ('2021-09-10','16:03:40','21:59:19','EMP-15'),
	 ('2021-09-10','08:01:18','13:55:04','EMP-16'),
	 ('2021-09-10','16:02:17','21:56:09','EMP-17'),
	 ('2021-09-10','08:01:35','13:57:24','EMP-18');
INSERT INTO KaraokeV3.Horario (dia,h_entrada,h_salida,id_emp) VALUES
	 ('2021-09-10','16:01:21','21:57:34','EMP-19'),
	 ('2021-09-10','08:00:06','13:55:58','EMP-2'),
	 ('2021-09-10','08:01:37','13:59:06','EMP-20'),
	 ('2021-09-10','16:04:15','21:59:13','EMP-3'),
	 ('2021-09-10','08:04:01','13:55:41','EMP-4'),
	 ('2021-09-10','16:00:10','21:56:25','EMP-5'),
	 ('2021-09-10','08:00:52','13:59:01','EMP-6'),
	 ('2021-09-10','16:03:07','21:59:14','EMP-7'),
	 ('2021-09-10','16:04:56','21:57:41','EMP-8'),
	 ('2021-09-10','16:02:21','21:59:15','EMP-9');
INSERT INTO KaraokeV3.Horario (dia,h_entrada,h_salida,id_emp) VALUES
	 ('2021-09-11','07:30:00','10:30:00','EMP-1'),
	 ('2021-09-11','08:04:02','13:59:31','EMP-10'),
	 ('2021-09-11','08:04:53','13:57:20','EMP-11'),
	 ('2021-09-11','08:01:46','13:56:35','EMP-12'),
	 ('2021-09-11','16:03:18','21:55:52','EMP-13'),
	 ('2021-09-11','16:00:23','21:56:39','EMP-14'),
	 ('2021-09-11','16:03:40','21:59:19','EMP-15'),
	 ('2021-09-11','08:01:18','13:55:04','EMP-16'),
	 ('2021-09-11','16:02:17','21:56:09','EMP-17'),
	 ('2021-09-11','08:01:35','13:57:24','EMP-18');
INSERT INTO KaraokeV3.Horario (dia,h_entrada,h_salida,id_emp) VALUES
	 ('2021-09-11','16:01:21','21:57:34','EMP-19'),
	 ('2021-09-11','08:00:06','13:55:58','EMP-2'),
	 ('2021-09-11','08:01:37','13:59:06','EMP-20'),
	 ('2021-09-11','16:04:15','21:59:13','EMP-3'),
	 ('2021-09-11','08:04:01','13:55:41','EMP-4'),
	 ('2021-09-11','16:00:10','21:56:25','EMP-5'),
	 ('2021-09-11','08:00:52','13:59:01','EMP-6'),
	 ('2021-09-11','16:03:07','21:59:14','EMP-7'),
	 ('2021-09-11','16:04:56','21:57:41','EMP-8'),
	 ('2021-09-11','16:02:21','21:59:15','EMP-9');
INSERT INTO KaraokeV3.Horario (dia,h_entrada,h_salida,id_emp) VALUES
	 ('2021-09-12','07:30:00','10:30:00','EMP-1'),
	 ('2021-09-12','08:04:02','13:59:31','EMP-10'),
	 ('2021-09-12','08:04:53','13:57:20','EMP-11'),
	 ('2021-09-12','08:01:46','13:56:35','EMP-12'),
	 ('2021-09-12','16:03:18','21:55:52','EMP-13'),
	 ('2021-09-12','16:00:23','21:56:39','EMP-14'),
	 ('2021-09-12','16:03:40','21:59:19','EMP-15'),
	 ('2021-09-12','08:01:18','13:55:04','EMP-16'),
	 ('2021-09-12','16:02:17','21:56:09','EMP-17'),
	 ('2021-09-12','08:01:35','13:57:24','EMP-18');
INSERT INTO KaraokeV3.Horario (dia,h_entrada,h_salida,id_emp) VALUES
	 ('2021-09-12','16:01:21','21:57:34','EMP-19'),
	 ('2021-09-12','08:00:06','13:55:58','EMP-2'),
	 ('2021-09-12','08:01:37','13:59:06','EMP-20'),
	 ('2021-09-12','16:04:15','21:59:13','EMP-3'),
	 ('2021-09-12','08:04:01','13:55:41','EMP-4'),
	 ('2021-09-12','16:00:10','21:56:25','EMP-5'),
	 ('2021-09-12','08:00:52','13:59:01','EMP-6'),
	 ('2021-09-12','16:03:07','21:59:14','EMP-7'),
	 ('2021-09-12','16:04:56','21:57:41','EMP-8'),
	 ('2021-09-12','16:02:21','21:59:15','EMP-9');
INSERT INTO KaraokeV3.Horario (dia,h_entrada,h_salida,id_emp) VALUES
	 ('2021-09-13','07:30:00','10:30:00','EMP-1'),
	 ('2021-09-13','08:04:02','13:59:31','EMP-10'),
	 ('2021-09-13','08:04:53','13:57:20','EMP-11'),
	 ('2021-09-13','08:01:46','13:56:35','EMP-12'),
	 ('2021-09-13','16:03:18','21:55:52','EMP-13'),
	 ('2021-09-13','16:00:23','21:56:39','EMP-14'),
	 ('2021-09-13','16:03:40','21:59:19','EMP-15'),
	 ('2021-09-13','08:01:18','13:55:04','EMP-16'),
	 ('2021-09-13','16:02:17','21:56:09','EMP-17'),
	 ('2021-09-13','08:01:35','13:57:24','EMP-18');
INSERT INTO KaraokeV3.Horario (dia,h_entrada,h_salida,id_emp) VALUES
	 ('2021-09-13','16:01:21','21:57:34','EMP-19'),
	 ('2021-09-13','08:00:06','13:55:58','EMP-2'),
	 ('2021-09-13','08:01:37','13:59:06','EMP-20'),
	 ('2021-09-13','16:04:15','21:59:13','EMP-3'),
	 ('2021-09-13','08:04:01','13:55:41','EMP-4'),
	 ('2021-09-13','16:00:10','21:56:25','EMP-5'),
	 ('2021-09-13','08:00:52','13:59:01','EMP-6'),
	 ('2021-09-13','16:03:07','21:59:14','EMP-7'),
	 ('2021-09-13','16:04:56','21:57:41','EMP-8'),
	 ('2021-09-13','16:02:21','21:59:15','EMP-9');
INSERT INTO KaraokeV3.Horario (dia,h_entrada,h_salida,id_emp) VALUES
	 ('2021-09-14','07:30:00','10:30:00','EMP-1'),
	 ('2021-09-14','08:04:02','13:59:31','EMP-10'),
	 ('2021-09-14','08:04:53','13:57:20','EMP-11'),
	 ('2021-09-14','08:01:46','13:56:35','EMP-12'),
	 ('2021-09-14','16:03:18','21:55:52','EMP-13'),
	 ('2021-09-14','16:00:23','21:56:39','EMP-14'),
	 ('2021-09-14','16:03:40','21:59:19','EMP-15'),
	 ('2021-09-14','08:01:18','13:55:04','EMP-16'),
	 ('2021-09-14','16:02:17','21:56:09','EMP-17'),
	 ('2021-09-14','08:01:35','13:57:24','EMP-18');
INSERT INTO KaraokeV3.Horario (dia,h_entrada,h_salida,id_emp) VALUES
	 ('2021-09-14','16:01:21','21:57:34','EMP-19'),
	 ('2021-09-14','08:00:06','13:55:58','EMP-2'),
	 ('2021-09-14','08:01:37','13:59:06','EMP-20'),
	 ('2021-09-14','16:04:15','21:59:13','EMP-3'),
	 ('2021-09-14','08:04:01','13:55:41','EMP-4'),
	 ('2021-09-14','16:00:10','21:56:25','EMP-5'),
	 ('2021-09-14','08:00:52','13:59:01','EMP-6'),
	 ('2021-09-14','16:03:07','21:59:14','EMP-7'),
	 ('2021-09-14','16:04:56','21:57:41','EMP-8'),
	 ('2021-09-14','16:02:21','21:59:15','EMP-9');
INSERT INTO KaraokeV3.Horario (dia,h_entrada,h_salida,id_emp) VALUES
	 ('2021-09-15','07:30:00','10:30:00','EMP-1'),
	 ('2021-09-15','08:04:02','13:59:31','EMP-10'),
	 ('2021-09-15','08:04:53','13:57:20','EMP-11'),
	 ('2021-09-15','08:01:46','13:56:35','EMP-12'),
	 ('2021-09-15','16:03:18','21:55:52','EMP-13'),
	 ('2021-09-15','16:00:23','21:56:39','EMP-14'),
	 ('2021-09-15','16:03:40','21:59:19','EMP-15'),
	 ('2021-09-15','08:01:18','13:55:04','EMP-16'),
	 ('2021-09-15','16:02:17','21:56:09','EMP-17'),
	 ('2021-09-15','08:01:35','13:57:24','EMP-18');
INSERT INTO KaraokeV3.Horario (dia,h_entrada,h_salida,id_emp) VALUES
	 ('2021-09-15','16:01:21','21:57:34','EMP-19'),
	 ('2021-09-15','08:00:06','13:55:58','EMP-2'),
	 ('2021-09-15','08:01:37','13:59:06','EMP-20'),
	 ('2021-09-15','16:04:15','21:59:13','EMP-3'),
	 ('2021-09-15','08:04:01','13:55:41','EMP-4'),
	 ('2021-09-15','16:00:10','21:56:25','EMP-5'),
	 ('2021-09-15','08:00:52','13:59:01','EMP-6'),
	 ('2021-09-15','16:03:07','21:59:14','EMP-7'),
	 ('2021-09-15','16:04:56','21:57:41','EMP-8'),
	 ('2021-09-15','16:02:21','21:59:15','EMP-9');
INSERT INTO KaraokeV3.Horario (dia,h_entrada,h_salida,id_emp) VALUES
	 ('2021-09-16','07:30:00','10:30:00','EMP-1'),
	 ('2021-09-16','08:04:02','13:59:31','EMP-10'),
	 ('2021-09-16','08:04:53','13:57:20','EMP-11'),
	 ('2021-09-16','08:01:46','13:56:35','EMP-12'),
	 ('2021-09-16','16:03:18','21:55:52','EMP-13'),
	 ('2021-09-16','16:00:23','21:56:39','EMP-14'),
	 ('2021-09-16','16:03:40','21:59:19','EMP-15'),
	 ('2021-09-16','08:01:18','13:55:04','EMP-16'),
	 ('2021-09-16','16:02:17','21:56:09','EMP-17'),
	 ('2021-09-16','08:01:35','13:57:24','EMP-18');
INSERT INTO KaraokeV3.Horario (dia,h_entrada,h_salida,id_emp) VALUES
	 ('2021-09-16','16:01:21','21:57:34','EMP-19'),
	 ('2021-09-16','08:00:06','13:55:58','EMP-2'),
	 ('2021-09-16','08:01:37','13:59:06','EMP-20'),
	 ('2021-09-16','16:04:15','21:59:13','EMP-3'),
	 ('2021-09-16','08:04:01','13:55:41','EMP-4'),
	 ('2021-09-16','16:00:10','21:56:25','EMP-5'),
	 ('2021-09-16','08:00:52','13:59:01','EMP-6'),
	 ('2021-09-16','16:03:07','21:59:14','EMP-7'),
	 ('2021-09-16','16:04:56','21:57:41','EMP-8'),
	 ('2021-09-16','16:02:21','21:59:15','EMP-9');
INSERT INTO KaraokeV3.Horario (dia,h_entrada,h_salida,id_emp) VALUES
	 ('2021-09-17','07:30:00','10:30:00','EMP-1'),
	 ('2021-09-17','08:04:02','13:59:31','EMP-10'),
	 ('2021-09-17','08:04:53','13:57:20','EMP-11'),
	 ('2021-09-17','08:01:46','13:56:35','EMP-12'),
	 ('2021-09-17','16:03:18','21:55:52','EMP-13'),
	 ('2021-09-17','16:00:23','21:56:39','EMP-14'),
	 ('2021-09-17','16:03:40','21:59:19','EMP-15'),
	 ('2021-09-17','08:01:18','13:55:04','EMP-16'),
	 ('2021-09-17','16:02:17','21:56:09','EMP-17'),
	 ('2021-09-17','08:01:35','13:57:24','EMP-18');
INSERT INTO KaraokeV3.Horario (dia,h_entrada,h_salida,id_emp) VALUES
	 ('2021-09-17','16:01:21','21:57:34','EMP-19'),
	 ('2021-09-17','08:00:06','13:55:58','EMP-2'),
	 ('2021-09-17','08:01:37','13:59:06','EMP-20'),
	 ('2021-09-17','16:04:15','21:59:13','EMP-3'),
	 ('2021-09-17','08:04:01','13:55:41','EMP-4'),
	 ('2021-09-17','16:00:10','21:56:25','EMP-5'),
	 ('2021-09-17','08:00:52','13:59:01','EMP-6'),
	 ('2021-09-17','16:03:07','21:59:14','EMP-7'),
	 ('2021-09-17','16:04:56','21:57:41','EMP-8'),
	 ('2021-09-17','16:02:21','21:59:15','EMP-9');
INSERT INTO KaraokeV3.Horario (dia,h_entrada,h_salida,id_emp) VALUES
	 ('2021-09-18','07:30:00','10:30:00','EMP-1'),
	 ('2021-09-18','08:04:02','13:59:31','EMP-10'),
	 ('2021-09-18','08:04:53','13:57:20','EMP-11'),
	 ('2021-09-18','08:01:46','13:56:35','EMP-12'),
	 ('2021-09-18','16:03:18','21:55:52','EMP-13'),
	 ('2021-09-18','16:00:23','21:56:39','EMP-14'),
	 ('2021-09-18','16:03:40','21:59:19','EMP-15'),
	 ('2021-09-18','08:01:18','13:55:04','EMP-16'),
	 ('2021-09-18','16:02:17','21:56:09','EMP-17'),
	 ('2021-09-18','08:01:35','13:57:24','EMP-18');
INSERT INTO KaraokeV3.Horario (dia,h_entrada,h_salida,id_emp) VALUES
	 ('2021-09-18','16:01:21','21:57:34','EMP-19'),
	 ('2021-09-18','08:00:06','13:55:58','EMP-2'),
	 ('2021-09-18','08:01:37','13:59:06','EMP-20'),
	 ('2021-09-18','16:04:15','21:59:13','EMP-3'),
	 ('2021-09-18','08:04:01','13:55:41','EMP-4'),
	 ('2021-09-18','16:00:10','21:56:25','EMP-5'),
	 ('2021-09-18','08:00:52','13:59:01','EMP-6'),
	 ('2021-09-18','16:03:07','21:59:14','EMP-7'),
	 ('2021-09-18','16:04:56','21:57:41','EMP-8'),
	 ('2021-09-18','16:02:21','21:59:15','EMP-9');
INSERT INTO KaraokeV3.Horario (dia,h_entrada,h_salida,id_emp) VALUES
	 ('2021-09-19','07:30:00','10:30:00','EMP-1'),
	 ('2021-09-19','08:04:02','13:59:31','EMP-10'),
	 ('2021-09-19','08:04:53','13:57:20','EMP-11'),
	 ('2021-09-19','08:01:46','13:56:35','EMP-12'),
	 ('2021-09-19','16:03:18','21:55:52','EMP-13'),
	 ('2021-09-19','16:00:23','21:56:39','EMP-14'),
	 ('2021-09-19','16:03:40','21:59:19','EMP-15'),
	 ('2021-09-19','08:01:18','13:55:04','EMP-16'),
	 ('2021-09-19','16:02:17','21:56:09','EMP-17'),
	 ('2021-09-19','08:01:35','13:57:24','EMP-18');
INSERT INTO KaraokeV3.Horario (dia,h_entrada,h_salida,id_emp) VALUES
	 ('2021-09-19','16:01:21','21:57:34','EMP-19'),
	 ('2021-09-19','08:00:06','13:55:58','EMP-2'),
	 ('2021-09-19','08:01:37','13:59:06','EMP-20'),
	 ('2021-09-19','16:04:15','21:59:13','EMP-3'),
	 ('2021-09-19','08:04:01','13:55:41','EMP-4'),
	 ('2021-09-19','16:00:10','21:56:25','EMP-5'),
	 ('2021-09-19','08:00:52','13:59:01','EMP-6'),
	 ('2021-09-19','16:03:07','21:59:14','EMP-7'),
	 ('2021-09-19','16:04:56','21:57:41','EMP-8'),
	 ('2021-09-19','16:02:21','21:59:15','EMP-9');
INSERT INTO KaraokeV3.Horario (dia,h_entrada,h_salida,id_emp) VALUES
	 ('2021-09-20','07:30:00','10:30:00','EMP-1'),
	 ('2021-09-20','08:04:02','13:59:31','EMP-10'),
	 ('2021-09-20','08:04:53','13:57:20','EMP-11'),
	 ('2021-09-20','08:01:46','13:56:35','EMP-12'),
	 ('2021-09-20','16:03:18','21:55:52','EMP-13'),
	 ('2021-09-20','16:00:23','21:56:39','EMP-14'),
	 ('2021-09-20','16:03:40','21:59:19','EMP-15'),
	 ('2021-09-20','08:01:18','13:55:04','EMP-16'),
	 ('2021-09-20','16:02:17','21:56:09','EMP-17'),
	 ('2021-09-20','08:01:35','13:57:24','EMP-18');
INSERT INTO KaraokeV3.Horario (dia,h_entrada,h_salida,id_emp) VALUES
	 ('2021-09-20','16:01:21','21:57:34','EMP-19'),
	 ('2021-09-20','08:00:06','13:55:58','EMP-2'),
	 ('2021-09-20','08:01:37','13:59:06','EMP-20'),
	 ('2021-09-20','16:04:15','21:59:13','EMP-3'),
	 ('2021-09-20','08:04:01','13:55:41','EMP-4'),
	 ('2021-09-20','16:00:10','21:56:25','EMP-5'),
	 ('2021-09-20','08:00:52','13:59:01','EMP-6'),
	 ('2021-09-20','16:03:07','21:59:14','EMP-7'),
	 ('2021-09-20','16:04:56','21:57:41','EMP-8'),
	 ('2021-09-20','16:02:21','21:59:15','EMP-9');
INSERT INTO KaraokeV3.Horario (dia,h_entrada,h_salida,id_emp) VALUES
	 ('2021-09-21','07:30:00','10:30:00','EMP-1'),
	 ('2021-09-21','08:04:02','13:59:31','EMP-10'),
	 ('2021-09-21','08:04:53','13:57:20','EMP-11'),
	 ('2021-09-21','08:01:46','13:56:35','EMP-12'),
	 ('2021-09-21','16:03:18','21:55:52','EMP-13'),
	 ('2021-09-21','16:00:23','21:56:39','EMP-14'),
	 ('2021-09-21','16:03:40','21:59:19','EMP-15'),
	 ('2021-09-21','08:01:18','13:55:04','EMP-16'),
	 ('2021-09-21','16:02:17','21:56:09','EMP-17'),
	 ('2021-09-21','08:01:35','13:57:24','EMP-18');
INSERT INTO KaraokeV3.Horario (dia,h_entrada,h_salida,id_emp) VALUES
	 ('2021-09-21','16:01:21','21:57:34','EMP-19'),
	 ('2021-09-21','08:00:06','13:55:58','EMP-2'),
	 ('2021-09-21','08:01:37','13:59:06','EMP-20'),
	 ('2021-09-21','16:04:15','21:59:13','EMP-3'),
	 ('2021-09-21','08:04:01','13:55:41','EMP-4'),
	 ('2021-09-21','16:00:10','21:56:25','EMP-5'),
	 ('2021-09-21','08:00:52','13:59:01','EMP-6'),
	 ('2021-09-21','16:03:07','21:59:14','EMP-7'),
	 ('2021-09-21','16:04:56','21:57:41','EMP-8'),
	 ('2021-09-21','16:02:21','21:59:15','EMP-9');
INSERT INTO KaraokeV3.Horario (dia,h_entrada,h_salida,id_emp) VALUES
	 ('2021-09-22','07:30:00','10:30:00','EMP-1'),
	 ('2021-09-22','08:04:02','13:59:31','EMP-10'),
	 ('2021-09-22','08:04:53','13:57:20','EMP-11'),
	 ('2021-09-22','08:01:46','13:56:35','EMP-12'),
	 ('2021-09-22','16:03:18','21:55:52','EMP-13'),
	 ('2021-09-22','16:00:23','21:56:39','EMP-14'),
	 ('2021-09-22','16:03:40','21:59:19','EMP-15'),
	 ('2021-09-22','08:01:18','13:55:04','EMP-16'),
	 ('2021-09-22','16:02:17','21:56:09','EMP-17'),
	 ('2021-09-22','08:01:35','13:57:24','EMP-18');
INSERT INTO KaraokeV3.Horario (dia,h_entrada,h_salida,id_emp) VALUES
	 ('2021-09-22','16:01:21','21:57:34','EMP-19'),
	 ('2021-09-22','08:00:06','13:55:58','EMP-2'),
	 ('2021-09-22','08:01:37','13:59:06','EMP-20'),
	 ('2021-09-22','16:04:15','21:59:13','EMP-3'),
	 ('2021-09-22','08:04:01','13:55:41','EMP-4'),
	 ('2021-09-22','16:00:10','21:56:25','EMP-5'),
	 ('2021-09-22','08:00:52','13:59:01','EMP-6'),
	 ('2021-09-22','16:03:07','21:59:14','EMP-7'),
	 ('2021-09-22','16:04:56','21:57:41','EMP-8'),
	 ('2021-09-22','16:02:21','21:59:15','EMP-9');
INSERT INTO KaraokeV3.Horario (dia,h_entrada,h_salida,id_emp) VALUES
	 ('2021-09-23','07:30:00','10:30:00','EMP-1'),
	 ('2021-09-23','08:04:02','13:59:31','EMP-10'),
	 ('2021-09-23','08:04:53','13:57:20','EMP-11'),
	 ('2021-09-23','08:01:46','13:56:35','EMP-12'),
	 ('2021-09-23','16:03:18','21:55:52','EMP-13'),
	 ('2021-09-23','16:00:23','21:56:39','EMP-14'),
	 ('2021-09-23','16:03:40','21:59:19','EMP-15'),
	 ('2021-09-23','08:01:18','13:55:04','EMP-16'),
	 ('2021-09-23','16:02:17','21:56:09','EMP-17'),
	 ('2021-09-23','08:01:35','13:57:24','EMP-18');
INSERT INTO KaraokeV3.Horario (dia,h_entrada,h_salida,id_emp) VALUES
	 ('2021-09-23','16:01:21','21:57:34','EMP-19'),
	 ('2021-09-23','08:00:06','13:55:58','EMP-2'),
	 ('2021-09-23','08:01:37','13:59:06','EMP-20'),
	 ('2021-09-23','16:04:15','21:59:13','EMP-3'),
	 ('2021-09-23','08:04:01','13:55:41','EMP-4'),
	 ('2021-09-23','16:00:10','21:56:25','EMP-5'),
	 ('2021-09-23','08:00:52','13:59:01','EMP-6'),
	 ('2021-09-23','16:03:07','21:59:14','EMP-7'),
	 ('2021-09-23','16:04:56','21:57:41','EMP-8'),
	 ('2021-09-23','16:02:21','21:59:15','EMP-9');
INSERT INTO KaraokeV3.Horario (dia,h_entrada,h_salida,id_emp) VALUES
	 ('2021-09-24','07:30:00','10:30:00','EMP-1'),
	 ('2021-09-24','08:04:02','13:59:31','EMP-10'),
	 ('2021-09-24','08:04:53','13:57:20','EMP-11'),
	 ('2021-09-24','08:01:46','13:56:35','EMP-12'),
	 ('2021-09-24','16:03:18','21:55:52','EMP-13'),
	 ('2021-09-24','16:00:23','21:56:39','EMP-14'),
	 ('2021-09-24','16:03:40','21:59:19','EMP-15'),
	 ('2021-09-24','08:01:18','13:55:04','EMP-16'),
	 ('2021-09-24','16:02:17','21:56:09','EMP-17'),
	 ('2021-09-24','08:01:35','13:57:24','EMP-18');
INSERT INTO KaraokeV3.Horario (dia,h_entrada,h_salida,id_emp) VALUES
	 ('2021-09-24','16:01:21','21:57:34','EMP-19'),
	 ('2021-09-24','08:00:06','13:55:58','EMP-2'),
	 ('2021-09-24','08:01:37','13:59:06','EMP-20'),
	 ('2021-09-24','16:04:15','21:59:13','EMP-3'),
	 ('2021-09-24','08:04:01','13:55:41','EMP-4'),
	 ('2021-09-24','16:00:10','21:56:25','EMP-5'),
	 ('2021-09-24','08:00:52','13:59:01','EMP-6'),
	 ('2021-09-24','16:03:07','21:59:14','EMP-7'),
	 ('2021-09-24','16:04:56','21:57:41','EMP-8'),
	 ('2021-09-24','16:02:21','21:59:15','EMP-9');
INSERT INTO KaraokeV3.Horario (dia,h_entrada,h_salida,id_emp) VALUES
	 ('2021-09-25','07:30:00','10:30:00','EMP-1'),
	 ('2021-09-25','08:04:02','13:59:31','EMP-10'),
	 ('2021-09-25','08:04:53','13:57:20','EMP-11'),
	 ('2021-09-25','08:01:46','13:56:35','EMP-12'),
	 ('2021-09-25','16:03:18','21:55:52','EMP-13'),
	 ('2021-09-25','16:00:23','21:56:39','EMP-14'),
	 ('2021-09-25','16:03:40','21:59:19','EMP-15'),
	 ('2021-09-25','08:01:18','13:55:04','EMP-16'),
	 ('2021-09-25','16:02:17','21:56:09','EMP-17'),
	 ('2021-09-25','08:01:35','13:57:24','EMP-18');
INSERT INTO KaraokeV3.Horario (dia,h_entrada,h_salida,id_emp) VALUES
	 ('2021-09-25','16:01:21','21:57:34','EMP-19'),
	 ('2021-09-25','08:00:06','13:55:58','EMP-2'),
	 ('2021-09-25','08:01:37','13:59:06','EMP-20'),
	 ('2021-09-25','16:04:15','21:59:13','EMP-3'),
	 ('2021-09-25','08:04:01','13:55:41','EMP-4'),
	 ('2021-09-25','16:00:10','21:56:25','EMP-5'),
	 ('2021-09-25','08:00:52','13:59:01','EMP-6'),
	 ('2021-09-25','16:03:07','21:59:14','EMP-7'),
	 ('2021-09-25','16:04:56','21:57:41','EMP-8'),
	 ('2021-09-25','16:02:21','21:59:15','EMP-9');
INSERT INTO KaraokeV3.Horario (dia,h_entrada,h_salida,id_emp) VALUES
	 ('2021-09-26','07:30:00','10:30:00','EMP-1'),
	 ('2021-09-26','08:04:02','13:59:31','EMP-10'),
	 ('2021-09-26','08:04:53','13:57:20','EMP-11'),
	 ('2021-09-26','08:01:46','13:56:35','EMP-12'),
	 ('2021-09-26','16:03:18','21:55:52','EMP-13'),
	 ('2021-09-26','16:00:23','21:56:39','EMP-14'),
	 ('2021-09-26','16:03:40','21:59:19','EMP-15'),
	 ('2021-09-26','08:01:18','13:55:04','EMP-16'),
	 ('2021-09-26','16:02:17','21:56:09','EMP-17'),
	 ('2021-09-26','08:01:35','13:57:24','EMP-18');
INSERT INTO KaraokeV3.Horario (dia,h_entrada,h_salida,id_emp) VALUES
	 ('2021-09-26','16:01:21','21:57:34','EMP-19'),
	 ('2021-09-26','08:00:06','13:55:58','EMP-2'),
	 ('2021-09-26','08:01:37','13:59:06','EMP-20'),
	 ('2021-09-26','16:04:15','21:59:13','EMP-3'),
	 ('2021-09-26','08:04:01','13:55:41','EMP-4'),
	 ('2021-09-26','16:00:10','21:56:25','EMP-5'),
	 ('2021-09-26','08:00:52','13:59:01','EMP-6'),
	 ('2021-09-26','16:03:07','21:59:14','EMP-7'),
	 ('2021-09-26','16:04:56','21:57:41','EMP-8'),
	 ('2021-09-26','16:02:21','21:59:15','EMP-9');
INSERT INTO KaraokeV3.Horario (dia,h_entrada,h_salida,id_emp) VALUES
	 ('2021-09-27','07:30:00','10:30:00','EMP-1'),
	 ('2021-09-27','08:04:02','13:59:31','EMP-10'),
	 ('2021-09-27','08:04:53','13:57:20','EMP-11'),
	 ('2021-09-27','08:01:46','13:56:35','EMP-12'),
	 ('2021-09-27','16:03:18','21:55:52','EMP-13'),
	 ('2021-09-27','16:00:23','21:56:39','EMP-14'),
	 ('2021-09-27','16:03:40','21:59:19','EMP-15'),
	 ('2021-09-27','08:01:18','13:55:04','EMP-16'),
	 ('2021-09-27','16:02:17','21:56:09','EMP-17'),
	 ('2021-09-27','08:01:35','13:57:24','EMP-18');
INSERT INTO KaraokeV3.Horario (dia,h_entrada,h_salida,id_emp) VALUES
	 ('2021-09-27','16:01:21','21:57:34','EMP-19'),
	 ('2021-09-27','08:00:06','13:55:58','EMP-2'),
	 ('2021-09-27','08:01:37','13:59:06','EMP-20'),
	 ('2021-09-27','16:04:15','21:59:13','EMP-3'),
	 ('2021-09-27','08:04:01','13:55:41','EMP-4'),
	 ('2021-09-27','16:00:10','21:56:25','EMP-5'),
	 ('2021-09-27','08:00:52','13:59:01','EMP-6'),
	 ('2021-09-27','16:03:07','21:59:14','EMP-7'),
	 ('2021-09-27','16:04:56','21:57:41','EMP-8'),
	 ('2021-09-27','16:02:21','21:59:15','EMP-9');
INSERT INTO KaraokeV3.Horario (dia,h_entrada,h_salida,id_emp) VALUES
	 ('2021-09-28','07:30:00','10:30:00','EMP-1'),
	 ('2021-09-28','08:04:02','13:59:31','EMP-10'),
	 ('2021-09-28','08:04:53','13:57:20','EMP-11'),
	 ('2021-09-28','08:01:46','13:56:35','EMP-12'),
	 ('2021-09-28','16:03:18','21:55:52','EMP-13'),
	 ('2021-09-28','16:00:23','21:56:39','EMP-14'),
	 ('2021-09-28','16:03:40','21:59:19','EMP-15'),
	 ('2021-09-28','08:01:18','13:55:04','EMP-16'),
	 ('2021-09-28','16:02:17','21:56:09','EMP-17'),
	 ('2021-09-28','08:01:35','13:57:24','EMP-18');
INSERT INTO KaraokeV3.Horario (dia,h_entrada,h_salida,id_emp) VALUES
	 ('2021-09-28','16:01:21','21:57:34','EMP-19'),
	 ('2021-09-28','08:00:06','13:55:58','EMP-2'),
	 ('2021-09-28','08:01:37','13:59:06','EMP-20'),
	 ('2021-09-28','16:04:15','21:59:13','EMP-3'),
	 ('2021-09-28','08:04:01','13:55:41','EMP-4'),
	 ('2021-09-28','16:00:10','21:56:25','EMP-5'),
	 ('2021-09-28','08:00:52','13:59:01','EMP-6'),
	 ('2021-09-28','16:03:07','21:59:14','EMP-7'),
	 ('2021-09-28','16:04:56','21:57:41','EMP-8'),
	 ('2021-09-28','16:02:21','21:59:15','EMP-9');
INSERT INTO KaraokeV3.Horario (dia,h_entrada,h_salida,id_emp) VALUES
	 ('2021-09-29','07:30:00','10:30:00','EMP-1'),
	 ('2021-09-29','08:04:02','13:59:31','EMP-10'),
	 ('2021-09-29','08:04:53','13:57:20','EMP-11'),
	 ('2021-09-29','08:01:46','13:56:35','EMP-12'),
	 ('2021-09-29','16:03:18','21:55:52','EMP-13'),
	 ('2021-09-29','16:00:23','21:56:39','EMP-14'),
	 ('2021-09-29','16:03:40','21:59:19','EMP-15'),
	 ('2021-09-29','08:01:18','13:55:04','EMP-16'),
	 ('2021-09-29','16:02:17','21:56:09','EMP-17'),
	 ('2021-09-29','08:01:35','13:57:24','EMP-18');
INSERT INTO KaraokeV3.Horario (dia,h_entrada,h_salida,id_emp) VALUES
	 ('2021-09-29','16:01:21','21:57:34','EMP-19'),
	 ('2021-09-29','08:00:06','13:55:58','EMP-2'),
	 ('2021-09-29','08:01:37','13:59:06','EMP-20'),
	 ('2021-09-29','16:04:15','21:59:13','EMP-3'),
	 ('2021-09-29','08:04:01','13:55:41','EMP-4'),
	 ('2021-09-29','16:00:10','21:56:25','EMP-5'),
	 ('2021-09-29','08:00:52','13:59:01','EMP-6'),
	 ('2021-09-29','16:03:07','21:59:14','EMP-7'),
	 ('2021-09-29','16:04:56','21:57:41','EMP-8'),
	 ('2021-09-29','16:02:21','21:59:15','EMP-9');
INSERT INTO KaraokeV3.Horario (dia,h_entrada,h_salida,id_emp) VALUES
	 ('2021-09-30','07:30:00','10:30:00','EMP-1'),
	 ('2021-09-30','08:04:02','13:59:31','EMP-10'),
	 ('2021-09-30','08:04:53','13:57:20','EMP-11'),
	 ('2021-09-30','08:01:46','13:56:35','EMP-12'),
	 ('2021-09-30','16:03:18','21:55:52','EMP-13'),
	 ('2021-09-30','16:00:23','21:56:39','EMP-14'),
	 ('2021-09-30','16:03:40','21:59:19','EMP-15'),
	 ('2021-09-30','08:01:18','13:55:04','EMP-16'),
	 ('2021-09-30','16:02:17','21:56:09','EMP-17'),
	 ('2021-09-30','08:01:35','13:57:24','EMP-18');
INSERT INTO KaraokeV3.Horario (dia,h_entrada,h_salida,id_emp) VALUES
	 ('2021-09-30','16:01:21','21:57:34','EMP-19'),
	 ('2021-09-30','08:00:06','13:55:58','EMP-2'),
	 ('2021-09-30','08:01:37','13:59:06','EMP-20'),
	 ('2021-09-30','16:04:15','21:59:13','EMP-3'),
	 ('2021-09-30','08:04:01','13:55:41','EMP-4'),
	 ('2021-09-30','16:00:10','21:56:25','EMP-5'),
	 ('2021-09-30','08:00:52','13:59:01','EMP-6'),
	 ('2021-09-30','16:03:07','21:59:14','EMP-7'),
	 ('2021-09-30','16:04:56','21:57:41','EMP-8'),
	 ('2021-09-30','16:02:21','21:59:15','EMP-9');
INSERT INTO KaraokeV3.Horario (dia,h_entrada,h_salida,id_emp) VALUES
	 ('2021-10-01','07:30:00','10:30:00','EMP-1'),
	 ('2021-10-01','08:04:02','13:59:31','EMP-10'),
	 ('2021-10-01','08:04:53','13:57:20','EMP-11'),
	 ('2021-10-01','08:01:46','13:56:35','EMP-12'),
	 ('2021-10-01','16:03:18','21:55:52','EMP-13'),
	 ('2021-10-01','16:00:23','21:56:39','EMP-14'),
	 ('2021-10-01','16:03:40','21:59:19','EMP-15'),
	 ('2021-10-01','08:01:18','13:55:04','EMP-16'),
	 ('2021-10-01','16:02:17','21:56:09','EMP-17'),
	 ('2021-10-01','08:01:35','13:57:24','EMP-18');
INSERT INTO KaraokeV3.Horario (dia,h_entrada,h_salida,id_emp) VALUES
	 ('2021-10-01','16:01:21','21:57:34','EMP-19'),
	 ('2021-10-01','08:00:06','13:55:58','EMP-2'),
	 ('2021-10-01','08:01:37','13:59:06','EMP-20'),
	 ('2021-10-01','16:04:15','21:59:13','EMP-3'),
	 ('2021-10-01','08:04:01','13:55:41','EMP-4'),
	 ('2021-10-01','16:00:10','21:56:25','EMP-5'),
	 ('2021-10-01','08:00:52','13:59:01','EMP-6'),
	 ('2021-10-01','16:03:07','21:59:14','EMP-7'),
	 ('2021-10-01','16:04:56','21:57:41','EMP-8'),
	 ('2021-10-01','16:02:21','21:59:15','EMP-9');
INSERT INTO KaraokeV3.Horario (dia,h_entrada,h_salida,id_emp) VALUES
	 ('2021-10-02','07:30:00','10:30:00','EMP-1'),
	 ('2021-10-02','08:04:02','13:59:31','EMP-10'),
	 ('2021-10-02','08:04:53','13:57:20','EMP-11'),
	 ('2021-10-02','08:01:46','13:56:35','EMP-12'),
	 ('2021-10-02','16:03:18','21:55:52','EMP-13'),
	 ('2021-10-02','16:00:23','21:56:39','EMP-14'),
	 ('2021-10-02','16:03:40','21:59:19','EMP-15'),
	 ('2021-10-02','08:01:18','13:55:04','EMP-16'),
	 ('2021-10-02','16:02:17','21:56:09','EMP-17'),
	 ('2021-10-02','08:01:35','13:57:24','EMP-18');
INSERT INTO KaraokeV3.Horario (dia,h_entrada,h_salida,id_emp) VALUES
	 ('2021-10-02','16:01:21','21:57:34','EMP-19'),
	 ('2021-10-02','08:00:06','13:55:58','EMP-2'),
	 ('2021-10-02','08:01:37','13:59:06','EMP-20'),
	 ('2021-10-02','16:04:15','21:59:13','EMP-3'),
	 ('2021-10-02','08:04:01','13:55:41','EMP-4'),
	 ('2021-10-02','16:00:10','21:56:25','EMP-5'),
	 ('2021-10-02','08:00:52','13:59:01','EMP-6'),
	 ('2021-10-02','16:03:07','21:59:14','EMP-7'),
	 ('2021-10-02','16:04:56','21:57:41','EMP-8'),
	 ('2021-10-02','16:02:21','21:59:15','EMP-9');
INSERT INTO KaraokeV3.Horario (dia,h_entrada,h_salida,id_emp) VALUES
	 ('2021-10-03','07:30:00','10:30:00','EMP-1'),
	 ('2021-10-03','08:04:02','13:59:31','EMP-10'),
	 ('2021-10-03','08:04:53','13:57:20','EMP-11'),
	 ('2021-10-03','08:01:46','13:56:35','EMP-12'),
	 ('2021-10-03','16:03:18','21:55:52','EMP-13'),
	 ('2021-10-03','16:00:23','21:56:39','EMP-14'),
	 ('2021-10-03','16:03:40','21:59:19','EMP-15'),
	 ('2021-10-03','08:01:18','13:55:04','EMP-16'),
	 ('2021-10-03','16:02:17','21:56:09','EMP-17'),
	 ('2021-10-03','08:01:35','13:57:24','EMP-18');
INSERT INTO KaraokeV3.Horario (dia,h_entrada,h_salida,id_emp) VALUES
	 ('2021-10-03','16:01:21','21:57:34','EMP-19'),
	 ('2021-10-03','08:00:06','13:55:58','EMP-2'),
	 ('2021-10-03','08:01:37','13:59:06','EMP-20'),
	 ('2021-10-03','16:04:15','21:59:13','EMP-3'),
	 ('2021-10-03','08:04:01','13:55:41','EMP-4'),
	 ('2021-10-03','16:00:10','21:56:25','EMP-5'),
	 ('2021-10-03','08:00:52','13:59:01','EMP-6'),
	 ('2021-10-03','16:03:07','21:59:14','EMP-7'),
	 ('2021-10-03','16:04:56','21:57:41','EMP-8'),
	 ('2021-10-03','16:02:21','21:59:15','EMP-9');
INSERT INTO KaraokeV3.Horario (dia,h_entrada,h_salida,id_emp) VALUES
	 ('2021-10-04','07:30:00','10:30:00','EMP-1'),
	 ('2021-10-04','08:04:02','13:59:31','EMP-10'),
	 ('2021-10-04','08:04:53','13:57:20','EMP-11'),
	 ('2021-10-04','08:01:46','13:56:35','EMP-12'),
	 ('2021-10-04','16:03:18','21:55:52','EMP-13'),
	 ('2021-10-04','16:00:23','21:56:39','EMP-14'),
	 ('2021-10-04','16:03:40','21:59:19','EMP-15'),
	 ('2021-10-04','08:01:18','13:55:04','EMP-16'),
	 ('2021-10-04','16:02:17','21:56:09','EMP-17'),
	 ('2021-10-04','08:01:35','13:57:24','EMP-18');
INSERT INTO KaraokeV3.Horario (dia,h_entrada,h_salida,id_emp) VALUES
	 ('2021-10-04','16:01:21','21:57:34','EMP-19'),
	 ('2021-10-04','08:00:06','13:55:58','EMP-2'),
	 ('2021-10-04','08:01:37','13:59:06','EMP-20'),
	 ('2021-10-04','16:04:15','21:59:13','EMP-3'),
	 ('2021-10-04','08:04:01','13:55:41','EMP-4'),
	 ('2021-10-04','16:00:10','21:56:25','EMP-5'),
	 ('2021-10-04','08:00:52','13:59:01','EMP-6'),
	 ('2021-10-04','16:03:07','21:59:14','EMP-7'),
	 ('2021-10-04','16:04:56','21:57:41','EMP-8'),
	 ('2021-10-04','16:02:21','21:59:15','EMP-9');
INSERT INTO KaraokeV3.Horario (dia,h_entrada,h_salida,id_emp) VALUES
	 ('2021-10-05','07:30:00','10:30:00','EMP-1'),
	 ('2021-10-05','08:04:02','13:59:31','EMP-10'),
	 ('2021-10-05','08:04:53','13:57:20','EMP-11'),
	 ('2021-10-05','08:01:46','13:56:35','EMP-12'),
	 ('2021-10-05','16:03:18','21:55:52','EMP-13'),
	 ('2021-10-05','16:00:23','21:56:39','EMP-14'),
	 ('2021-10-05','16:03:40','21:59:19','EMP-15'),
	 ('2021-10-05','08:01:18','13:55:04','EMP-16'),
	 ('2021-10-05','16:02:17','21:56:09','EMP-17'),
	 ('2021-10-05','08:01:35','13:57:24','EMP-18');
INSERT INTO KaraokeV3.Horario (dia,h_entrada,h_salida,id_emp) VALUES
	 ('2021-10-05','16:01:21','21:57:34','EMP-19'),
	 ('2021-10-05','08:00:06','13:55:58','EMP-2'),
	 ('2021-10-05','08:01:37','13:59:06','EMP-20'),
	 ('2021-10-05','16:04:15','21:59:13','EMP-3'),
	 ('2021-10-05','08:04:01','13:55:41','EMP-4'),
	 ('2021-10-05','16:00:10','21:56:25','EMP-5'),
	 ('2021-10-05','08:00:52','13:59:01','EMP-6'),
	 ('2021-10-05','16:03:07','21:59:14','EMP-7'),
	 ('2021-10-05','16:04:56','21:57:41','EMP-8'),
	 ('2021-10-05','16:02:21','21:59:15','EMP-9');
INSERT INTO KaraokeV3.Horario (dia,h_entrada,h_salida,id_emp) VALUES
	 ('2021-10-06','07:30:00','10:30:00','EMP-1'),
	 ('2021-10-06','08:04:02','13:59:31','EMP-10'),
	 ('2021-10-06','08:04:53','13:57:20','EMP-11'),
	 ('2021-10-06','08:01:46','13:56:35','EMP-12'),
	 ('2021-10-06','16:03:18','21:55:52','EMP-13'),
	 ('2021-10-06','16:00:23','21:56:39','EMP-14'),
	 ('2021-10-06','16:03:40','21:59:19','EMP-15'),
	 ('2021-10-06','08:01:18','13:55:04','EMP-16'),
	 ('2021-10-06','16:02:17','21:56:09','EMP-17'),
	 ('2021-10-06','08:01:35','13:57:24','EMP-18');
INSERT INTO KaraokeV3.Horario (dia,h_entrada,h_salida,id_emp) VALUES
	 ('2021-10-06','16:01:21','21:57:34','EMP-19'),
	 ('2021-10-06','08:00:06','13:55:58','EMP-2'),
	 ('2021-10-06','08:01:37','13:59:06','EMP-20'),
	 ('2021-10-06','16:04:15','21:59:13','EMP-3'),
	 ('2021-10-06','08:04:01','13:55:41','EMP-4'),
	 ('2021-10-06','16:00:10','21:56:25','EMP-5'),
	 ('2021-10-06','08:00:52','13:59:01','EMP-6'),
	 ('2021-10-06','16:03:07','21:59:14','EMP-7'),
	 ('2021-10-06','16:04:56','21:57:41','EMP-8'),
	 ('2021-10-06','16:02:21','21:59:15','EMP-9');
INSERT INTO KaraokeV3.Horario (dia,h_entrada,h_salida,id_emp) VALUES
	 ('2021-10-07','07:30:00','10:30:00','EMP-1'),
	 ('2021-10-07','08:04:02','13:59:31','EMP-10'),
	 ('2021-10-07','08:04:53','13:57:20','EMP-11'),
	 ('2021-10-07','08:01:46','13:56:35','EMP-12'),
	 ('2021-10-07','16:03:18','21:55:52','EMP-13'),
	 ('2021-10-07','16:00:23','21:56:39','EMP-14'),
	 ('2021-10-07','16:03:40','21:59:19','EMP-15'),
	 ('2021-10-07','08:01:18','13:55:04','EMP-16'),
	 ('2021-10-07','16:02:17','21:56:09','EMP-17'),
	 ('2021-10-07','08:01:35','13:57:24','EMP-18');
INSERT INTO KaraokeV3.Horario (dia,h_entrada,h_salida,id_emp) VALUES
	 ('2021-10-07','16:01:21','21:57:34','EMP-19'),
	 ('2021-10-07','08:00:06','13:55:58','EMP-2'),
	 ('2021-10-07','08:01:37','13:59:06','EMP-20'),
	 ('2021-10-07','16:04:15','21:59:13','EMP-3'),
	 ('2021-10-07','08:04:01','13:55:41','EMP-4'),
	 ('2021-10-07','16:00:10','21:56:25','EMP-5'),
	 ('2021-10-07','08:00:52','13:59:01','EMP-6'),
	 ('2021-10-07','16:03:07','21:59:14','EMP-7'),
	 ('2021-10-07','16:04:56','21:57:41','EMP-8'),
	 ('2021-10-07','16:02:21','21:59:15','EMP-9');
INSERT INTO KaraokeV3.Horario (dia,h_entrada,h_salida,id_emp) VALUES
	 ('2021-10-08','07:30:00','10:30:00','EMP-1'),
	 ('2021-10-08','08:04:02','13:59:31','EMP-10'),
	 ('2021-10-08','08:04:53','13:57:20','EMP-11'),
	 ('2021-10-08','08:01:46','13:56:35','EMP-12'),
	 ('2021-10-08','16:03:18','21:55:52','EMP-13'),
	 ('2021-10-08','16:00:23','21:56:39','EMP-14'),
	 ('2021-10-08','16:03:40','21:59:19','EMP-15'),
	 ('2021-10-08','08:01:18','13:55:04','EMP-16'),
	 ('2021-10-08','16:02:17','21:56:09','EMP-17'),
	 ('2021-10-08','08:01:35','13:57:24','EMP-18');
INSERT INTO KaraokeV3.Horario (dia,h_entrada,h_salida,id_emp) VALUES
	 ('2021-10-08','16:01:21','21:57:34','EMP-19'),
	 ('2021-10-08','08:00:06','13:55:58','EMP-2'),
	 ('2021-10-08','08:01:37','13:59:06','EMP-20'),
	 ('2021-10-08','16:04:15','21:59:13','EMP-3'),
	 ('2021-10-08','08:04:01','13:55:41','EMP-4'),
	 ('2021-10-08','16:00:10','21:56:25','EMP-5'),
	 ('2021-10-08','08:00:52','13:59:01','EMP-6'),
	 ('2021-10-08','16:03:07','21:59:14','EMP-7'),
	 ('2021-10-08','16:04:56','21:57:41','EMP-8'),
	 ('2021-10-08','16:02:21','21:59:15','EMP-9');
INSERT INTO KaraokeV3.Horario (dia,h_entrada,h_salida,id_emp) VALUES
	 ('2021-10-09','07:30:00','10:30:00','EMP-1'),
	 ('2021-10-09','08:04:02','13:59:31','EMP-10'),
	 ('2021-10-09','08:04:53','13:57:20','EMP-11'),
	 ('2021-10-09','08:01:46','13:56:35','EMP-12'),
	 ('2021-10-09','16:03:18','21:55:52','EMP-13'),
	 ('2021-10-09','16:00:23','21:56:39','EMP-14'),
	 ('2021-10-09','16:03:40','21:59:19','EMP-15'),
	 ('2021-10-09','08:01:18','13:55:04','EMP-16'),
	 ('2021-10-09','16:02:17','21:56:09','EMP-17'),
	 ('2021-10-09','08:01:35','13:57:24','EMP-18');
INSERT INTO KaraokeV3.Horario (dia,h_entrada,h_salida,id_emp) VALUES
	 ('2021-10-09','16:01:21','21:57:34','EMP-19'),
	 ('2021-10-09','08:00:06','13:55:58','EMP-2'),
	 ('2021-10-09','08:01:37','13:59:06','EMP-20'),
	 ('2021-10-09','16:04:15','21:59:13','EMP-3'),
	 ('2021-10-09','08:04:01','13:55:41','EMP-4'),
	 ('2021-10-09','16:00:10','21:56:25','EMP-5'),
	 ('2021-10-09','08:00:52','13:59:01','EMP-6'),
	 ('2021-10-09','16:03:07','21:59:14','EMP-7'),
	 ('2021-10-09','16:04:56','21:57:41','EMP-8'),
	 ('2021-10-09','16:02:21','21:59:15','EMP-9');
INSERT INTO KaraokeV3.Horario (dia,h_entrada,h_salida,id_emp) VALUES
	 ('2021-10-10','07:30:00','10:30:00','EMP-1'),
	 ('2021-10-10','08:04:02','13:59:31','EMP-10'),
	 ('2021-10-10','08:04:53','13:57:20','EMP-11'),
	 ('2021-10-10','08:01:46','13:56:35','EMP-12'),
	 ('2021-10-10','16:03:18','21:55:52','EMP-13'),
	 ('2021-10-10','16:00:23','21:56:39','EMP-14'),
	 ('2021-10-10','16:03:40','21:59:19','EMP-15'),
	 ('2021-10-10','08:01:18','13:55:04','EMP-16'),
	 ('2021-10-10','16:02:17','21:56:09','EMP-17'),
	 ('2021-10-10','08:01:35','13:57:24','EMP-18');
INSERT INTO KaraokeV3.Horario (dia,h_entrada,h_salida,id_emp) VALUES
	 ('2021-10-10','16:01:21','21:57:34','EMP-19'),
	 ('2021-10-10','08:00:06','13:55:58','EMP-2'),
	 ('2021-10-10','08:01:37','13:59:06','EMP-20'),
	 ('2021-10-10','16:04:15','21:59:13','EMP-3'),
	 ('2021-10-10','08:04:01','13:55:41','EMP-4'),
	 ('2021-10-10','16:00:10','21:56:25','EMP-5'),
	 ('2021-10-10','08:00:52','13:59:01','EMP-6'),
	 ('2021-10-10','16:03:07','21:59:14','EMP-7'),
	 ('2021-10-10','16:04:56','21:57:41','EMP-8'),
	 ('2021-10-10','16:02:21','21:59:15','EMP-9');

-- REGISTROS RESERVA
INSERT INTO KaraokeV3.Reserva (id_reserva,fec_reserva,hora_ini,hora_fin,telefono_cliente,num_sala) VALUES
	 ('RES20211010605737S4','2021-10-10','17:40:00','18:40:00','605 645 737',4),
	 ('RES20211010613374S8','2021-10-10','19:29:00','20:29:00','613 761 374',8),
	 ('RES20211010613566S9','2021-10-10','11:14:00','12:14:00','613 542 566',9),
	 ('RES20211010613660S6','2021-10-10','20:58:00','21:58:00','613 538 660',6),
	 ('RES20211010620167S8','2021-10-10','10:15:00','11:15:00','620 939 167',8),
	 ('RES20211010634074S4','2021-10-10','11:40:00','12:40:00','634 405 074',4),
	 ('RES20211010645638S5','2021-10-10','10:22:00','11:22:00','645 042 638',5),
	 ('RES20211010653821S7','2021-10-10','15:40:00','16:40:00','653 839 821',7),
	 ('RES20211010660440S5','2021-10-10','12:58:00','13:58:00','660 836 440',5),
	 ('RES20211010674832S4','2021-10-10','10:14:00','11:14:00','674 177 832',4);
INSERT INTO KaraokeV3.Reserva (id_reserva,fec_reserva,hora_ini,hora_fin,telefono_cliente,num_sala) VALUES
	 ('RES20211010678997S3','2021-10-10','10:58:00','11:58:00','678 773 997',3),
	 ('RES20211010685264S6','2021-10-10','16:09:00','17:09:00','685 018 264',6),
	 ('RES20211010692452S2','2021-10-10','13:52:00','14:52:00','692 159 452',2),
	 ('RES20211010719984S1','2021-10-10','13:51:00','14:51:00','719 096 984',1),
	 ('RES20211010731553S7','2021-10-10','16:03:00','17:03:00','731 806 553',7),
	 ('RES20211010731779S3','2021-10-10','13:23:00','14:23:00','731 552 779',3),
	 ('RES20211010750404S2','2021-10-10','11:09:00','12:09:00','750 917 404',2),
	 ('RES20211010763106S9','2021-10-10','10:02:00','11:02:00','763 232 106',9),
	 ('RES20211010767308S1','2021-10-10','16:50:00','17:50:00','767 206 308',1),
	 ('RES20211010795972S7','2021-10-10','13:51:00','14:51:00','795 305 972',7);
INSERT INTO KaraokeV3.Reserva (id_reserva,fec_reserva,hora_ini,hora_fin,telefono_cliente,num_sala) VALUES
	 ('RES2021101605798S9','2021-10-01','11:24:00','12:24:00','605 833 798',9),
	 ('RES2021101611141S8','2021-10-01','13:01:00','14:01:00','611 813 141',8),
	 ('RES2021101620072S1','2021-10-01','14:29:00','15:29:00','620 754 072',1),
	 ('RES2021101624625S7','2021-10-01','20:49:00','21:49:00','624 175 625',7),
	 ('RES2021101634941S7','2021-10-01','15:47:00','16:47:00','634 924 941',7),
	 ('RES2021101653057S6','2021-10-01','19:16:00','20:16:00','653 486 057',6),
	 ('RES2021101653272S3','2021-10-01','09:23:00','10:23:00','653 595 272',3),
	 ('RES2021101654369S2','2021-10-01','13:30:00','14:30:00','654 029 369',2),
	 ('RES2021101661069S7','2021-10-01','13:03:00','14:03:00','661 619 069',7),
	 ('RES2021101671048S5','2021-10-01','18:32:00','19:32:00','671 870 048',5);
INSERT INTO KaraokeV3.Reserva (id_reserva,fec_reserva,hora_ini,hora_fin,telefono_cliente,num_sala) VALUES
	 ('RES2021101681767S4','2021-10-01','09:15:00','10:15:00','681 126 767',4),
	 ('RES2021101687154S8','2021-10-01','19:40:00','20:40:00','687 773 154',8),
	 ('RES2021101721074S6','2021-10-01','19:39:00','20:39:00','721 165 074',6),
	 ('RES2021101722241S5','2021-10-01','10:53:00','11:53:00','722 475 241',5),
	 ('RES2021101728835S3','2021-10-01','08:15:00','09:15:00','728 880 835',3),
	 ('RES2021101731672S4','2021-10-01','08:47:00','09:47:00','731 394 672',4),
	 ('RES2021101732424S4','2021-10-01','17:37:00','18:37:00','732 797 424',4),
	 ('RES2021101744478S9','2021-10-01','11:05:00','12:05:00','744 535 478',9),
	 ('RES2021101785349S1','2021-10-01','12:57:00','13:57:00','785 429 349',1),
	 ('RES2021101796541S2','2021-10-01','08:22:00','09:22:00','796 513 541',2);
INSERT INTO KaraokeV3.Reserva (id_reserva,fec_reserva,hora_ini,hora_fin,telefono_cliente,num_sala) VALUES
	 ('RES2021102607618S4','2021-10-02','20:51:00','21:51:00','607 467 618',4),
	 ('RES2021102607886S3','2021-10-02','18:48:00','19:48:00','607 769 886',3),
	 ('RES2021102622641S7','2021-10-02','16:53:00','17:53:00','622 647 641',7),
	 ('RES2021102622772S7','2021-10-02','18:18:00','19:18:00','622 223 772',7),
	 ('RES2021102629099S5','2021-10-02','10:25:00','11:25:00','629 644 099',5),
	 ('RES2021102661977S9','2021-10-02','08:54:00','09:54:00','661 110 977',9),
	 ('RES2021102663054S2','2021-10-02','18:57:00','19:57:00','663 873 054',2),
	 ('RES2021102666772S6','2021-10-02','09:35:00','10:35:00','666 568 772',6),
	 ('RES2021102668933S9','2021-10-02','10:54:00','11:54:00','668 262 933',9),
	 ('RES2021102670363S5','2021-10-02','14:16:00','15:16:00','670 156 363',5);
INSERT INTO KaraokeV3.Reserva (id_reserva,fec_reserva,hora_ini,hora_fin,telefono_cliente,num_sala) VALUES
	 ('RES2021102677321S8','2021-10-02','13:42:00','14:42:00','677 490 321',8),
	 ('RES2021102678585S4','2021-10-02','08:52:00','09:52:00','678 985 585',4),
	 ('RES2021102682399S9','2021-10-02','15:55:00','16:55:00','682 457 399',9),
	 ('RES2021102717991S2','2021-10-02','19:10:00','20:10:00','717 860 991',2),
	 ('RES2021102725306S1','2021-10-02','11:02:00','12:02:00','725 976 306',1),
	 ('RES2021102729711S6','2021-10-02','09:43:00','10:43:00','729 143 711',6),
	 ('RES2021102768077S3','2021-10-02','10:44:00','11:44:00','768 910 077',3),
	 ('RES2021102769370S8','2021-10-02','18:36:00','19:36:00','769 802 370',8),
	 ('RES2021102781036S2','2021-10-02','20:28:00','21:28:00','781 303 036',2),
	 ('RES2021102786584S1','2021-10-02','15:41:00','16:41:00','786 053 584',1);
INSERT INTO KaraokeV3.Reserva (id_reserva,fec_reserva,hora_ini,hora_fin,telefono_cliente,num_sala) VALUES
	 ('RES2021103611508S2','2021-10-03','13:12:00','14:12:00','611 518 508',2),
	 ('RES2021103620784S5','2021-10-03','18:00:00','19:00:00','620 470 784',5),
	 ('RES2021103637921S7','2021-10-03','20:47:00','21:47:00','637 675 921',7),
	 ('RES2021103639602S8','2021-10-03','12:44:00','13:44:00','639 331 602',8),
	 ('RES2021103651336S5','2021-10-03','14:56:00','15:56:00','651 824 336',5),
	 ('RES2021103659370S4','2021-10-03','13:47:00','14:47:00','659 745 370',4),
	 ('RES2021103684226S9','2021-10-03','16:05:00','17:05:00','684 553 226',9),
	 ('RES2021103685863S3','2021-10-03','09:20:00','10:20:00','685 342 863',3),
	 ('RES2021103687964S4','2021-10-03','08:54:00','09:54:00','687 477 964',4),
	 ('RES2021103716901S6','2021-10-03','10:43:00','11:43:00','716 422 901',6);
INSERT INTO KaraokeV3.Reserva (id_reserva,fec_reserva,hora_ini,hora_fin,telefono_cliente,num_sala) VALUES
	 ('RES2021103718739S5','2021-10-03','20:34:00','21:34:00','718 260 739',5),
	 ('RES2021103727658S9','2021-10-03','18:42:00','19:42:00','727 949 658',9),
	 ('RES2021103731869S8','2021-10-03','15:56:00','16:56:00','731 347 869',8),
	 ('RES2021103754162S1','2021-10-03','12:21:00','13:21:00','754 047 162',1),
	 ('RES2021103762985S3','2021-10-03','11:39:00','12:39:00','762 071 985',3),
	 ('RES2021103764395S7','2021-10-03','15:33:00','16:33:00','764 899 395',7),
	 ('RES2021103766427S2','2021-10-03','08:44:00','09:44:00','766 269 427',2),
	 ('RES2021103772035S6','2021-10-03','09:35:00','10:35:00','772 961 035',6),
	 ('RES2021103793169S1','2021-10-03','15:10:00','16:10:00','793 446 169',1),
	 ('RES2021103796335S6','2021-10-03','20:44:00','21:44:00','796 460 335',6);
INSERT INTO KaraokeV3.Reserva (id_reserva,fec_reserva,hora_ini,hora_fin,telefono_cliente,num_sala) VALUES
	 ('RES2021104609219S5','2021-10-04','08:42:00','09:42:00','609 321 219',5),
	 ('RES2021104612301S4','2021-10-04','19:03:00','20:03:00','612 708 301',4),
	 ('RES2021104640625S3','2021-10-04','12:05:00','13:05:00','640 713 625',3),
	 ('RES2021104666697S6','2021-10-04','13:38:00','14:38:00','666 734 697',6),
	 ('RES2021104670878S2','2021-10-04','14:33:00','15:33:00','670 229 878',2),
	 ('RES2021104680097S9','2021-10-04','13:54:00','14:54:00','680 760 097',9),
	 ('RES2021104684990S3','2021-10-04','13:35:00','14:35:00','684 614 990',3),
	 ('RES2021104685892S4','2021-10-04','08:51:00','09:51:00','685 596 892',4),
	 ('RES2021104712929S7','2021-10-04','13:59:00','14:59:00','712 077 929',7),
	 ('RES2021104719011S9','2021-10-04','13:53:00','14:53:00','719 475 011',9);
INSERT INTO KaraokeV3.Reserva (id_reserva,fec_reserva,hora_ini,hora_fin,telefono_cliente,num_sala) VALUES
	 ('RES2021104729265S8','2021-10-04','13:25:00','14:25:00','729 077 265',8),
	 ('RES2021104745190S1','2021-10-04','12:52:00','13:52:00','745 003 190',1),
	 ('RES2021104748515S2','2021-10-04','12:01:00','13:01:00','748 641 515',2),
	 ('RES2021104756404S1','2021-10-04','08:45:00','09:45:00','756 445 404',1),
	 ('RES2021104760167S5','2021-10-04','20:13:00','21:13:00','760 346 167',5),
	 ('RES2021104764395S8','2021-10-04','19:31:00','20:31:00','764 340 395',8),
	 ('RES2021104768887S8','2021-10-04','13:06:00','14:06:00','768 673 887',8),
	 ('RES2021104771310S3','2021-10-04','18:56:00','19:56:00','771 565 310',3),
	 ('RES2021104773754S6','2021-10-04','15:55:00','16:55:00','773 415 754',6),
	 ('RES2021104796962S7','2021-10-04','15:31:00','16:31:00','796 198 962',7);
INSERT INTO KaraokeV3.Reserva (id_reserva,fec_reserva,hora_ini,hora_fin,telefono_cliente,num_sala) VALUES
	 ('RES2021105600021S8','2021-10-05','10:43:00','11:43:00','600 887 021',8),
	 ('RES2021105605190S7','2021-10-05','08:25:00','09:25:00','605 228 190',7),
	 ('RES2021105605199S2','2021-10-05','09:10:00','10:10:00','605 890 199',2),
	 ('RES2021105612012S9','2021-10-05','12:36:00','13:36:00','612 094 012',9),
	 ('RES2021105639928S3','2021-10-05','12:57:00','13:57:00','639 358 928',3),
	 ('RES2021105671242S3','2021-10-05','08:29:00','09:29:00','671 700 242',3),
	 ('RES2021105687638S6','2021-10-05','19:45:00','20:45:00','687 710 638',6),
	 ('RES2021105694737S5','2021-10-05','19:14:00','20:14:00','694 777 737',5),
	 ('RES2021105717097S1','2021-10-05','19:49:00','20:49:00','717 701 097',1),
	 ('RES2021105719698S4','2021-10-05','09:19:00','10:19:00','719 995 698',4);
INSERT INTO KaraokeV3.Reserva (id_reserva,fec_reserva,hora_ini,hora_fin,telefono_cliente,num_sala) VALUES
	 ('RES2021105723535S4','2021-10-05','16:18:00','17:18:00','723 107 535',4),
	 ('RES2021105725225S1','2021-10-05','20:08:00','21:08:00','725 128 225',1),
	 ('RES2021105731441S9','2021-10-05','20:35:00','21:35:00','731 726 441',9),
	 ('RES2021105733392S6','2021-10-05','12:39:00','13:39:00','733 430 392',6),
	 ('RES2021105736718S1','2021-10-05','10:24:00','11:24:00','736 279 718',1),
	 ('RES2021105740903S5','2021-10-05','13:56:00','14:56:00','740 824 903',5),
	 ('RES2021105748397S2','2021-10-05','16:43:00','17:43:00','748 353 397',2),
	 ('RES2021105749043S4','2021-10-05','16:49:00','17:49:00','749 495 043',4),
	 ('RES2021105757155S8','2021-10-05','20:24:00','21:24:00','757 496 155',8),
	 ('RES2021105783607S7','2021-10-05','18:23:00','19:23:00','783 326 607',7);
INSERT INTO KaraokeV3.Reserva (id_reserva,fec_reserva,hora_ini,hora_fin,telefono_cliente,num_sala) VALUES
	 ('RES2021106618721S8','2021-10-06','15:17:00','16:17:00','618 518 721',8),
	 ('RES2021106625862S8','2021-10-06','11:46:00','12:46:00','625 211 862',8),
	 ('RES2021106630661S2','2021-10-06','08:13:00','09:13:00','630 634 661',2),
	 ('RES2021106648292S3','2021-10-06','13:39:00','14:39:00','648 171 292',3),
	 ('RES2021106654268S6','2021-10-06','12:23:00','13:23:00','654 254 268',6),
	 ('RES2021106693208S9','2021-10-06','14:08:00','15:08:00','693 492 208',9),
	 ('RES2021106696224S7','2021-10-06','12:35:00','13:35:00','696 949 224',7),
	 ('RES2021106711345S4','2021-10-06','11:52:00','12:52:00','711 244 345',4),
	 ('RES2021106716221S1','2021-10-06','08:26:00','09:26:00','716 279 221',1),
	 ('RES2021106718522S2','2021-10-06','12:01:00','13:01:00','718 939 522',2);
INSERT INTO KaraokeV3.Reserva (id_reserva,fec_reserva,hora_ini,hora_fin,telefono_cliente,num_sala) VALUES
	 ('RES2021106720785S5','2021-10-06','20:42:00','21:42:00','720 186 785',5),
	 ('RES2021106723598S3','2021-10-06','13:22:00','14:22:00','723 073 598',3),
	 ('RES2021106745684S9','2021-10-06','12:02:00','13:02:00','745 424 684',9),
	 ('RES2021106749778S7','2021-10-06','12:38:00','13:38:00','749 382 778',7),
	 ('RES2021106751502S6','2021-10-06','13:10:00','14:10:00','751 077 502',6),
	 ('RES2021106756681S7','2021-10-06','12:02:00','13:02:00','756 556 681',7),
	 ('RES2021106778024S4','2021-10-06','10:16:00','11:16:00','778 416 024',4),
	 ('RES2021106788181S5','2021-10-06','15:01:00','16:01:00','788 084 181',5),
	 ('RES2021106794100S9','2021-10-06','16:17:00','17:17:00','794 808 100',9),
	 ('RES2021106795448S1','2021-10-06','19:28:00','20:28:00','795 178 448',1);
INSERT INTO KaraokeV3.Reserva (id_reserva,fec_reserva,hora_ini,hora_fin,telefono_cliente,num_sala) VALUES
	 ('RES2021107608834S9','2021-10-07','19:18:00','20:18:00','608 200 834',9),
	 ('RES2021107609973S4','2021-10-07','09:17:00','10:17:00','609 653 973',4),
	 ('RES2021107621640S4','2021-10-07','10:31:00','11:31:00','621 367 640',4),
	 ('RES2021107622109S7','2021-10-07','10:54:00','11:54:00','622 795 109',7),
	 ('RES2021107630955S3','2021-10-07','11:07:00','12:07:00','630 407 955',3),
	 ('RES2021107646713S5','2021-10-07','10:50:00','11:50:00','646 624 713',5),
	 ('RES2021107675944S2','2021-10-07','16:07:00','17:07:00','675 639 944',2),
	 ('RES2021107677872S8','2021-10-07','12:10:00','13:10:00','677 984 872',8),
	 ('RES2021107684893S9','2021-10-07','13:20:00','14:20:00','684 778 893',9),
	 ('RES2021107721970S2','2021-10-07','20:38:00','21:38:00','721 789 970',2);
INSERT INTO KaraokeV3.Reserva (id_reserva,fec_reserva,hora_ini,hora_fin,telefono_cliente,num_sala) VALUES
	 ('RES2021107729315S6','2021-10-07','18:58:00','19:58:00','729 002 315',6),
	 ('RES2021107742224S1','2021-10-07','19:02:00','20:02:00','742 092 224',1),
	 ('RES2021107743599S8','2021-10-07','16:45:00','17:45:00','743 323 599',8),
	 ('RES2021107752010S1','2021-10-07','09:03:00','10:03:00','752 996 010',1),
	 ('RES2021107753946S3','2021-10-07','17:52:00','18:52:00','753 639 946',3),
	 ('RES2021107760953S7','2021-10-07','10:55:00','11:55:00','760 966 953',7),
	 ('RES2021107772270S2','2021-10-07','20:54:00','21:54:00','772 076 270',2),
	 ('RES2021107785470S5','2021-10-07','11:02:00','12:02:00','785 990 470',5),
	 ('RES2021107792032S6','2021-10-07','13:38:00','14:38:00','792 477 032',6),
	 ('RES2021107799747S6','2021-10-07','11:06:00','12:06:00','799 765 747',6);
INSERT INTO KaraokeV3.Reserva (id_reserva,fec_reserva,hora_ini,hora_fin,telefono_cliente,num_sala) VALUES
	 ('RES2021108611914S7','2021-10-08','20:48:00','21:48:00','611 594 914',7),
	 ('RES2021108619004S5','2021-10-08','15:27:00','16:27:00','619 504 004',5),
	 ('RES2021108632146S8','2021-10-08','09:19:00','10:19:00','632 446 146',8),
	 ('RES2021108636615S3','2021-10-08','09:26:00','10:26:00','636 288 615',3),
	 ('RES2021108652053S1','2021-10-08','12:02:00','13:02:00','652 639 053',1),
	 ('RES2021108655906S9','2021-10-08','08:37:00','09:37:00','655 109 906',9),
	 ('RES2021108660603S5','2021-10-08','11:08:00','12:08:00','660 298 603',5),
	 ('RES2021108665460S6','2021-10-08','10:57:00','11:57:00','665 578 460',6),
	 ('RES2021108685835S6','2021-10-08','18:42:00','19:42:00','685 888 835',6),
	 ('RES2021108720244S2','2021-10-08','16:12:00','17:12:00','720 954 244',2);
INSERT INTO KaraokeV3.Reserva (id_reserva,fec_reserva,hora_ini,hora_fin,telefono_cliente,num_sala) VALUES
	 ('RES2021108725532S1','2021-10-08','11:18:00','12:18:00','725 939 532',1),
	 ('RES2021108728264S3','2021-10-08','10:12:00','11:12:00','728 633 264',3),
	 ('RES2021108732882S3','2021-10-08','11:38:00','12:38:00','732 063 882',3),
	 ('RES2021108745096S5','2021-10-08','16:19:00','17:19:00','745 214 096',5),
	 ('RES2021108756792S7','2021-10-08','14:41:00','15:41:00','756 796 792',7),
	 ('RES2021108766980S2','2021-10-08','08:10:00','09:10:00','766 820 980',2),
	 ('RES2021108781505S9','2021-10-08','19:51:00','20:51:00','781 151 505',9),
	 ('RES2021108787425S4','2021-10-08','10:20:00','11:20:00','787 249 425',4),
	 ('RES2021108787545S8','2021-10-08','19:53:00','20:53:00','787 637 545',8),
	 ('RES2021108799334S4','2021-10-08','17:25:00','18:25:00','799 596 334',4);
INSERT INTO KaraokeV3.Reserva (id_reserva,fec_reserva,hora_ini,hora_fin,telefono_cliente,num_sala) VALUES
	 ('RES2021109620941S1','2021-10-09','10:10:00','11:10:00','620 662 941',1),
	 ('RES2021109626162S4','2021-10-09','12:04:00','13:04:00','626 390 162',4),
	 ('RES2021109632133S1','2021-10-09','18:44:00','19:44:00','632 454 133',1),
	 ('RES2021109667488S7','2021-10-09','16:11:00','17:11:00','667 768 488',7),
	 ('RES2021109672237S8','2021-10-09','12:27:00','13:27:00','672 848 237',8),
	 ('RES2021109676150S5','2021-10-09','19:57:00','20:57:00','676 459 150',5),
	 ('RES2021109685129S6','2021-10-09','12:11:00','13:11:00','685 856 129',6),
	 ('RES2021109720329S2','2021-10-09','14:23:00','15:23:00','720 809 329',2),
	 ('RES2021109726515S4','2021-10-09','08:38:00','09:38:00','726 815 515',4),
	 ('RES2021109748786S7','2021-10-09','13:57:00','14:57:00','748 435 786',7);
INSERT INTO KaraokeV3.Reserva (id_reserva,fec_reserva,hora_ini,hora_fin,telefono_cliente,num_sala) VALUES
	 ('RES2021109751105S5','2021-10-09','08:47:00','09:47:00','751 506 105',5),
	 ('RES2021109760845S8','2021-10-09','08:12:00','09:12:00','760 459 845',8),
	 ('RES2021109768901S8','2021-10-09','08:15:00','09:15:00','768 714 901',8),
	 ('RES2021109773848S2','2021-10-09','10:27:00','11:27:00','773 524 848',2),
	 ('RES2021109780641S3','2021-10-09','08:32:00','09:32:00','780 095 641',3),
	 ('RES2021109784729S3','2021-10-09','12:48:00','13:48:00','784 018 729',3),
	 ('RES2021109790320S6','2021-10-09','09:34:00','10:34:00','790 698 320',6),
	 ('RES2021109792433S1','2021-10-09','09:44:00','10:44:00','792 625 433',1),
	 ('RES2021109792618S9','2021-10-09','20:46:00','21:46:00','792 607 618',9),
	 ('RES2021109797396S9','2021-10-09','18:21:00','19:21:00','797 669 396',9);
INSERT INTO KaraokeV3.Reserva (id_reserva,fec_reserva,hora_ini,hora_fin,telefono_cliente,num_sala) VALUES
	 ('RES2021822601979S7','2021-08-22','10:55:00','11:55:00','601 473 979',7),
	 ('RES2021822605427S6','2021-08-22','10:36:00','11:36:00','605 134 427',6),
	 ('RES2021822605698S3','2021-08-22','20:30:00','21:30:00','605 541 698',3),
	 ('RES2021822614135S2','2021-08-22','09:51:00','10:51:00','614 383 135',2),
	 ('RES2021822639633S9','2021-08-22','18:02:00','19:02:00','639 296 633',9),
	 ('RES2021822648567S4','2021-08-22','18:43:00','19:43:00','648 926 567',4),
	 ('RES2021822657206S4','2021-08-22','16:23:00','17:23:00','657 437 206',4),
	 ('RES2021822659665S9','2021-08-22','12:37:00','13:37:00','659 860 665',9),
	 ('RES2021822685389S7','2021-08-22','14:55:00','15:55:00','685 012 389',7),
	 ('RES2021822715965S8','2021-08-22','17:20:00','18:20:00','715 633 965',8);
INSERT INTO KaraokeV3.Reserva (id_reserva,fec_reserva,hora_ini,hora_fin,telefono_cliente,num_sala) VALUES
	 ('RES2021822732196S5','2021-08-22','11:08:00','12:08:00','732 035 196',5),
	 ('RES2021822742578S2','2021-08-22','09:54:00','10:54:00','742 369 578',2),
	 ('RES2021822744192S1','2021-08-22','08:19:00','09:19:00','744 358 192',1),
	 ('RES2021822756132S9','2021-08-22','08:37:00','09:37:00','756 784 132',9),
	 ('RES2021822765610S6','2021-08-22','19:25:00','20:25:00','765 354 610',6),
	 ('RES2021822777536S3','2021-08-22','11:47:00','12:47:00','777 201 536',3),
	 ('RES2021822781062S8','2021-08-22','12:18:00','13:18:00','781 999 062',8),
	 ('RES2021822781748S1','2021-08-22','18:14:00','19:14:00','781 970 748',1),
	 ('RES2021822786010S7','2021-08-22','15:41:00','16:41:00','786 610 010',7),
	 ('RES2021822791982S5','2021-08-22','14:54:00','15:54:00','791 843 982',5);
INSERT INTO KaraokeV3.Reserva (id_reserva,fec_reserva,hora_ini,hora_fin,telefono_cliente,num_sala) VALUES
	 ('RES2021823608286S4','2021-08-23','13:49:00','14:49:00','608 238 286',4),
	 ('RES2021823608960S6','2021-08-23','15:00:00','16:00:00','608 114 960',6),
	 ('RES2021823609982S8','2021-08-23','17:11:00','18:11:00','609 407 982',8),
	 ('RES2021823611596S2','2021-08-23','09:11:00','10:11:00','611 055 596',2),
	 ('RES2021823615491S7','2021-08-23','13:05:00','14:05:00','615 764 491',7),
	 ('RES2021823628753S4','2021-08-23','15:31:00','16:31:00','628 187 753',4),
	 ('RES2021823653600S1','2021-08-23','09:57:00','10:57:00','653 677 600',1),
	 ('RES2021823663492S9','2021-08-23','20:33:00','21:33:00','663 622 492',9),
	 ('RES2021823664878S1','2021-08-23','15:59:00','16:59:00','664 971 878',1),
	 ('RES2021823675360S9','2021-08-23','14:35:00','15:35:00','675 590 360',9);
INSERT INTO KaraokeV3.Reserva (id_reserva,fec_reserva,hora_ini,hora_fin,telefono_cliente,num_sala) VALUES
	 ('RES2021823683884S3','2021-08-23','14:28:00','15:28:00','683 273 884',3),
	 ('RES2021823686216S6','2021-08-23','20:17:00','21:17:00','686 782 216',6),
	 ('RES2021823692513S8','2021-08-23','13:59:00','14:59:00','692 577 513',8),
	 ('RES2021823716509S7','2021-08-23','09:12:00','10:12:00','716 526 509',7),
	 ('RES2021823731977S5','2021-08-23','10:19:00','11:19:00','731 894 977',5),
	 ('RES2021823745038S2','2021-08-23','19:25:00','20:25:00','745 807 038',2),
	 ('RES2021823747516S6','2021-08-23','18:40:00','19:40:00','747 995 516',6),
	 ('RES2021823750616S3','2021-08-23','13:50:00','14:50:00','750 517 616',3),
	 ('RES2021823758772S2','2021-08-23','13:46:00','14:46:00','758 556 772',2),
	 ('RES2021823797420S5','2021-08-23','11:51:00','12:51:00','797 326 420',5);
INSERT INTO KaraokeV3.Reserva (id_reserva,fec_reserva,hora_ini,hora_fin,telefono_cliente,num_sala) VALUES
	 ('RES2021824608397S6','2021-08-24','08:45:00','09:45:00','608 060 397',6),
	 ('RES2021824624757S4','2021-08-24','10:37:00','11:37:00','624 344 757',4),
	 ('RES2021824632148S8','2021-08-24','17:19:00','18:19:00','632 439 148',8),
	 ('RES2021824641983S9','2021-08-24','12:59:00','13:59:00','641 653 983',9),
	 ('RES2021824644735S2','2021-08-24','20:50:00','21:50:00','644 235 735',2),
	 ('RES2021824650483S1','2021-08-24','15:40:00','16:40:00','650 352 483',1),
	 ('RES2021824654772S4','2021-08-24','14:18:00','15:18:00','654 466 772',4),
	 ('RES2021824686481S5','2021-08-24','15:32:00','16:32:00','686 832 481',5),
	 ('RES2021824718244S5','2021-08-24','09:40:00','10:40:00','718 590 244',5),
	 ('RES2021824721029S7','2021-08-24','20:20:00','21:20:00','721 130 029',7);
INSERT INTO KaraokeV3.Reserva (id_reserva,fec_reserva,hora_ini,hora_fin,telefono_cliente,num_sala) VALUES
	 ('RES2021824740817S3','2021-08-24','13:14:00','14:14:00','740 773 817',3),
	 ('RES2021824750881S7','2021-08-24','20:38:00','21:38:00','750 217 881',7),
	 ('RES2021824751943S1','2021-08-24','18:21:00','19:21:00','751 664 943',1),
	 ('RES2021824753150S3','2021-08-24','14:49:00','15:49:00','753 366 150',3),
	 ('RES2021824756235S2','2021-08-24','09:48:00','10:48:00','756 582 235',2),
	 ('RES2021824771285S5','2021-08-24','11:37:00','12:37:00','771 945 285',5),
	 ('RES2021824774173S6','2021-08-24','14:13:00','15:13:00','774 657 173',6),
	 ('RES2021824776927S9','2021-08-24','12:04:00','13:04:00','776 078 927',9),
	 ('RES2021824783280S8','2021-08-24','19:03:00','20:03:00','783 162 280',8),
	 ('RES2021824797699S3','2021-08-24','16:07:00','17:07:00','797 963 699',3);
INSERT INTO KaraokeV3.Reserva (id_reserva,fec_reserva,hora_ini,hora_fin,telefono_cliente,num_sala) VALUES
	 ('RES2021825605874S7','2021-08-25','09:00:00','10:00:00','605 112 874',7),
	 ('RES2021825610076S4','2021-08-25','20:15:00','21:15:00','610 645 076',4),
	 ('RES2021825613314S9','2021-08-25','18:57:00','19:57:00','613 990 314',9),
	 ('RES2021825625523S3','2021-08-25','11:28:00','12:28:00','625 594 523',3),
	 ('RES2021825635277S1','2021-08-25','18:15:00','19:15:00','635 614 277',1),
	 ('RES2021825646662S9','2021-08-25','12:00:00','13:00:00','646 703 662',9),
	 ('RES2021825653486S1','2021-08-25','17:39:00','18:39:00','653 598 486',1),
	 ('RES2021825668679S6','2021-08-25','14:58:00','15:58:00','668 767 679',6),
	 ('RES2021825672537S4','2021-08-25','14:40:00','15:40:00','672 066 537',4),
	 ('RES2021825673001S2','2021-08-25','12:23:00','13:23:00','673 329 001',2);
INSERT INTO KaraokeV3.Reserva (id_reserva,fec_reserva,hora_ini,hora_fin,telefono_cliente,num_sala) VALUES
	 ('RES2021825692506S8','2021-08-25','09:11:00','10:11:00','692 597 506',8),
	 ('RES2021825695563S7','2021-08-25','16:32:00','17:32:00','695 371 563',7),
	 ('RES2021825699795S3','2021-08-25','10:20:00','11:20:00','699 624 795',3),
	 ('RES2021825719683S5','2021-08-25','16:53:00','17:53:00','719 305 683',5),
	 ('RES2021825723603S5','2021-08-25','18:13:00','19:13:00','723 907 603',5),
	 ('RES2021825733755S8','2021-08-25','15:37:00','16:37:00','733 183 755',8),
	 ('RES2021825739796S1','2021-08-25','16:53:00','17:53:00','739 812 796',1),
	 ('RES2021825781567S2','2021-08-25','18:50:00','19:50:00','781 707 567',2),
	 ('RES2021825787058S8','2021-08-25','13:34:00','14:34:00','787 763 058',8),
	 ('RES2021825791196S6','2021-08-25','10:39:00','11:39:00','791 686 196',6);
INSERT INTO KaraokeV3.Reserva (id_reserva,fec_reserva,hora_ini,hora_fin,telefono_cliente,num_sala) VALUES
	 ('RES2021826608388S4','2021-08-26','11:01:00','12:01:00','608 259 388',4),
	 ('RES2021826610778S2','2021-08-26','11:45:00','12:45:00','610 832 778',2),
	 ('RES2021826620369S8','2021-08-26','11:20:00','12:20:00','620 244 369',8),
	 ('RES2021826639698S2','2021-08-26','14:21:00','15:21:00','639 667 698',2),
	 ('RES2021826648040S1','2021-08-26','19:54:00','20:54:00','648 738 040',1),
	 ('RES2021826652952S9','2021-08-26','13:25:00','14:25:00','652 492 952',9),
	 ('RES2021826655431S7','2021-08-26','19:52:00','20:52:00','655 706 431',7),
	 ('RES2021826671860S3','2021-08-26','17:12:00','18:12:00','671 612 860',3),
	 ('RES2021826676397S5','2021-08-26','20:41:00','21:41:00','676 993 397',5),
	 ('RES2021826678019S9','2021-08-26','17:13:00','18:13:00','678 015 019',9);
INSERT INTO KaraokeV3.Reserva (id_reserva,fec_reserva,hora_ini,hora_fin,telefono_cliente,num_sala) VALUES
	 ('RES2021826684296S8','2021-08-26','09:01:00','10:01:00','684 051 296',8),
	 ('RES2021826692700S5','2021-08-26','15:03:00','16:03:00','692 477 700',5),
	 ('RES2021826729390S6','2021-08-26','18:03:00','19:03:00','729 090 390',6),
	 ('RES2021826734375S6','2021-08-26','18:17:00','19:17:00','734 428 375',6),
	 ('RES2021826739019S4','2021-08-26','08:58:00','09:58:00','739 010 019',4),
	 ('RES2021826757813S1','2021-08-26','10:10:00','11:10:00','757 026 813',1),
	 ('RES2021826757846S7','2021-08-26','13:51:00','14:51:00','757 446 846',7),
	 ('RES2021826764691S4','2021-08-26','20:29:00','21:29:00','764 891 691',4),
	 ('RES2021826792496S3','2021-08-26','08:53:00','09:53:00','792 446 496',3),
	 ('RES2021826795002S7','2021-08-26','08:39:00','09:39:00','795 147 002',7);
INSERT INTO KaraokeV3.Reserva (id_reserva,fec_reserva,hora_ini,hora_fin,telefono_cliente,num_sala) VALUES
	 ('RES2021827605421S3','2021-08-27','16:51:00','17:51:00','605 673 421',3),
	 ('RES2021827618241S2','2021-08-27','11:09:00','12:09:00','618 111 241',2),
	 ('RES2021827627885S5','2021-08-27','11:28:00','12:28:00','627 313 885',5),
	 ('RES2021827628871S2','2021-08-27','19:17:00','20:17:00','628 422 871',2),
	 ('RES2021827633466S8','2021-08-27','16:17:00','17:17:00','633 695 466',8),
	 ('RES2021827639511S9','2021-08-27','19:11:00','20:11:00','639 239 511',9),
	 ('RES2021827647476S1','2021-08-27','15:13:00','16:13:00','647 950 476',1),
	 ('RES2021827650352S4','2021-08-27','08:46:00','09:46:00','650 693 352',4),
	 ('RES2021827656570S7','2021-08-27','11:14:00','12:14:00','656 615 570',7),
	 ('RES2021827656675S2','2021-08-27','15:08:00','16:08:00','656 541 675',2);
INSERT INTO KaraokeV3.Reserva (id_reserva,fec_reserva,hora_ini,hora_fin,telefono_cliente,num_sala) VALUES
	 ('RES2021827674901S6','2021-08-27','17:40:00','18:40:00','674 232 901',6),
	 ('RES2021827676630S6','2021-08-27','12:27:00','13:27:00','676 945 630',6),
	 ('RES2021827680987S7','2021-08-27','12:22:00','13:22:00','680 161 987',7),
	 ('RES2021827690051S3','2021-08-27','16:18:00','17:18:00','690 112 051',3),
	 ('RES2021827736183S8','2021-08-27','18:31:00','19:31:00','736 275 183',8),
	 ('RES2021827747716S4','2021-08-27','17:56:00','18:56:00','747 275 716',4),
	 ('RES2021827750262S1','2021-08-27','10:59:00','11:59:00','750 072 262',1),
	 ('RES2021827753505S9','2021-08-27','10:36:00','11:36:00','753 018 505',9),
	 ('RES2021827757829S9','2021-08-27','12:13:00','13:13:00','757 773 829',9),
	 ('RES2021827758744S5','2021-08-27','12:34:00','13:34:00','758 306 744',5);
INSERT INTO KaraokeV3.Reserva (id_reserva,fec_reserva,hora_ini,hora_fin,telefono_cliente,num_sala) VALUES
	 ('RES2021828630540S1','2021-08-28','11:09:00','12:09:00','630 346 540',1),
	 ('RES2021828633897S7','2021-08-28','14:59:00','15:59:00','633 192 897',7),
	 ('RES2021828637811S5','2021-08-28','12:30:00','13:30:00','637 567 811',5),
	 ('RES2021828638776S9','2021-08-28','17:28:00','18:28:00','638 415 776',9),
	 ('RES2021828641213S6','2021-08-28','13:43:00','14:43:00','641 346 213',6),
	 ('RES2021828660940S3','2021-08-28','12:41:00','13:41:00','660 165 940',3),
	 ('RES2021828671936S8','2021-08-28','10:49:00','11:49:00','671 281 936',8),
	 ('RES2021828697532S3','2021-08-28','09:56:00','10:56:00','697 015 532',3),
	 ('RES2021828721971S6','2021-08-28','12:19:00','13:19:00','721 188 971',6),
	 ('RES2021828723833S5','2021-08-28','18:07:00','19:07:00','723 768 833',5);
INSERT INTO KaraokeV3.Reserva (id_reserva,fec_reserva,hora_ini,hora_fin,telefono_cliente,num_sala) VALUES
	 ('RES2021828732471S6','2021-08-28','14:03:00','15:03:00','732 962 471',6),
	 ('RES2021828748572S7','2021-08-28','14:59:00','15:59:00','748 932 572',7),
	 ('RES2021828760073S8','2021-08-28','17:53:00','18:53:00','760 208 073',8),
	 ('RES2021828763954S4','2021-08-28','10:44:00','11:44:00','763 135 954',4),
	 ('RES2021828767959S5','2021-08-28','20:04:00','21:04:00','767 256 959',5),
	 ('RES2021828769268S4','2021-08-28','10:34:00','11:34:00','769 732 268',4),
	 ('RES2021828775362S2','2021-08-28','17:06:00','18:06:00','775 693 362',2),
	 ('RES2021828792730S2','2021-08-28','10:42:00','11:42:00','792 936 730',2),
	 ('RES2021828796909S9','2021-08-28','20:34:00','21:34:00','796 013 909',9),
	 ('RES2021828799243S1','2021-08-28','11:16:00','12:16:00','799 815 243',1);
INSERT INTO KaraokeV3.Reserva (id_reserva,fec_reserva,hora_ini,hora_fin,telefono_cliente,num_sala) VALUES
	 ('RES2021829609358S5','2021-08-29','19:23:00','20:23:00','609 826 358',5),
	 ('RES2021829617676S3','2021-08-29','15:20:00','16:20:00','617 691 676',3),
	 ('RES2021829618343S9','2021-08-29','15:37:00','16:37:00','618 100 343',9),
	 ('RES2021829625598S8','2021-08-29','13:45:00','14:45:00','625 762 598',8),
	 ('RES2021829628384S2','2021-08-29','16:04:00','17:04:00','628 532 384',2),
	 ('RES2021829640058S1','2021-08-29','10:04:00','11:04:00','640 645 058',1),
	 ('RES2021829644227S3','2021-08-29','08:07:00','09:07:00','644 805 227',3),
	 ('RES2021829646332S2','2021-08-29','20:41:00','21:41:00','646 239 332',2),
	 ('RES2021829676320S4','2021-08-29','18:07:00','19:07:00','676 317 320',4),
	 ('RES2021829694092S6','2021-08-29','10:28:00','11:28:00','694 220 092',6);
INSERT INTO KaraokeV3.Reserva (id_reserva,fec_reserva,hora_ini,hora_fin,telefono_cliente,num_sala) VALUES
	 ('RES2021829694122S4','2021-08-29','18:24:00','19:24:00','694 471 122',4),
	 ('RES2021829710628S8','2021-08-29','13:48:00','14:48:00','710 259 628',8),
	 ('RES2021829720123S7','2021-08-29','14:39:00','15:39:00','720 672 123',7),
	 ('RES2021829736438S6','2021-08-29','16:37:00','17:37:00','736 838 438',6),
	 ('RES2021829742893S5','2021-08-29','11:28:00','12:28:00','742 151 893',5),
	 ('RES2021829750799S3','2021-08-29','18:47:00','19:47:00','750 837 799',3),
	 ('RES2021829757250S7','2021-08-29','14:52:00','15:52:00','757 685 250',7),
	 ('RES2021829781976S9','2021-08-29','17:28:00','18:28:00','781 136 976',9),
	 ('RES2021829784301S8','2021-08-29','17:25:00','18:25:00','784 119 301',8),
	 ('RES2021829798821S1','2021-08-29','10:52:00','11:52:00','798 331 821',1);
INSERT INTO KaraokeV3.Reserva (id_reserva,fec_reserva,hora_ini,hora_fin,telefono_cliente,num_sala) VALUES
	 ('RES2021830602917S6','2021-08-30','18:48:00','19:48:00','602 835 917',6),
	 ('RES2021830619169S6','2021-08-30','17:51:00','18:51:00','619 806 169',6),
	 ('RES2021830638099S8','2021-08-30','16:01:00','17:01:00','638 310 099',8),
	 ('RES2021830660076S5','2021-08-30','16:41:00','17:41:00','660 837 076',5),
	 ('RES2021830667963S1','2021-08-30','14:11:00','15:11:00','667 350 963',1),
	 ('RES2021830669536S9','2021-08-30','16:05:00','17:05:00','669 814 536',9),
	 ('RES2021830679921S4','2021-08-30','10:41:00','11:41:00','679 584 921',4),
	 ('RES2021830690092S8','2021-08-30','09:44:00','10:44:00','690 373 092',8),
	 ('RES2021830695142S9','2021-08-30','20:33:00','21:33:00','695 911 142',9),
	 ('RES2021830696416S3','2021-08-30','20:15:00','21:15:00','696 440 416',3);
INSERT INTO KaraokeV3.Reserva (id_reserva,fec_reserva,hora_ini,hora_fin,telefono_cliente,num_sala) VALUES
	 ('RES2021830697582S1','2021-08-30','18:30:00','19:30:00','697 508 582',1),
	 ('RES2021830721572S2','2021-08-30','11:06:00','12:06:00','721 247 572',2),
	 ('RES2021830723432S4','2021-08-30','17:46:00','18:46:00','723 358 432',4),
	 ('RES2021830743652S2','2021-08-30','09:53:00','10:53:00','743 168 652',2),
	 ('RES2021830755801S5','2021-08-30','10:51:00','11:51:00','755 181 801',5),
	 ('RES2021830762138S4','2021-08-30','15:39:00','16:39:00','762 498 138',4),
	 ('RES2021830770918S7','2021-08-30','11:29:00','12:29:00','770 780 918',7),
	 ('RES2021830772694S3','2021-08-30','09:20:00','10:20:00','772 814 694',3),
	 ('RES2021830780272S1','2021-08-30','14:22:00','15:22:00','780 376 272',1),
	 ('RES2021830781022S7','2021-08-30','16:13:00','17:13:00','781 605 022',7);
INSERT INTO KaraokeV3.Reserva (id_reserva,fec_reserva,hora_ini,hora_fin,telefono_cliente,num_sala) VALUES
	 ('RES2021831613724S3','2021-08-31','08:36:00','09:36:00','613 587 724',3),
	 ('RES2021831634115S9','2021-08-31','14:48:00','15:48:00','634 747 115',9),
	 ('RES2021831635699S2','2021-08-31','20:38:00','21:38:00','635 639 699',2),
	 ('RES2021831647095S7','2021-08-31','16:21:00','17:21:00','647 222 095',7),
	 ('RES2021831667259S7','2021-08-31','19:43:00','20:43:00','667 277 259',7),
	 ('RES2021831674002S1','2021-08-31','20:16:00','21:16:00','674 048 002',1),
	 ('RES2021831685640S8','2021-08-31','14:41:00','15:41:00','685 013 640',8),
	 ('RES2021831715636S4','2021-08-31','10:02:00','11:02:00','715 687 636',4),
	 ('RES2021831719830S2','2021-08-31','09:41:00','10:41:00','719 465 830',2),
	 ('RES2021831721483S5','2021-08-31','17:26:00','18:26:00','721 079 483',5);
INSERT INTO KaraokeV3.Reserva (id_reserva,fec_reserva,hora_ini,hora_fin,telefono_cliente,num_sala) VALUES
	 ('RES2021831723016S7','2021-08-31','20:33:00','21:33:00','723 157 016',7),
	 ('RES2021831739977S9','2021-08-31','08:44:00','09:44:00','739 269 977',9),
	 ('RES2021831745325S1','2021-08-31','18:27:00','19:27:00','745 333 325',1),
	 ('RES2021831751793S9','2021-08-31','14:59:00','15:59:00','751 504 793',9),
	 ('RES2021831756510S8','2021-08-31','15:54:00','16:54:00','756 988 510',8),
	 ('RES2021831757148S6','2021-08-31','08:40:00','09:40:00','757 619 148',6),
	 ('RES2021831764587S3','2021-08-31','15:38:00','16:38:00','764 290 587',3),
	 ('RES2021831769093S5','2021-08-31','19:49:00','20:49:00','769 284 093',5),
	 ('RES2021831781369S6','2021-08-31','16:05:00','17:05:00','781 930 369',6),
	 ('RES2021831795877S4','2021-08-31','18:19:00','19:19:00','795 201 877',4);
INSERT INTO KaraokeV3.Reserva (id_reserva,fec_reserva,hora_ini,hora_fin,telefono_cliente,num_sala) VALUES
	 ('RES2021910602993S6','2021-09-10','20:32:00','21:32:00','602 572 993',6),
	 ('RES2021910608122S2','2021-09-10','18:26:00','19:26:00','608 171 122',2),
	 ('RES2021910615667S3','2021-09-10','19:21:00','20:21:00','615 336 667',3),
	 ('RES2021910617755S7','2021-09-10','20:37:00','21:37:00','617 216 755',7),
	 ('RES2021910624567S4','2021-09-10','17:34:00','18:34:00','624 758 567',4),
	 ('RES2021910662886S2','2021-09-10','15:18:00','16:18:00','662 568 886',2),
	 ('RES2021910664037S1','2021-09-10','12:21:00','13:21:00','664 619 037',1),
	 ('RES2021910667872S8','2021-09-10','17:23:00','18:23:00','667 607 872',8),
	 ('RES2021910671760S2','2021-09-10','10:42:00','11:42:00','671 103 760',2),
	 ('RES2021910684800S7','2021-09-10','12:37:00','13:37:00','684 120 800',7);
INSERT INTO KaraokeV3.Reserva (id_reserva,fec_reserva,hora_ini,hora_fin,telefono_cliente,num_sala) VALUES
	 ('RES2021910710426S5','2021-09-10','09:38:00','10:38:00','710 269 426',5),
	 ('RES2021910712628S5','2021-09-10','13:27:00','14:27:00','712 141 628',5),
	 ('RES2021910729031S9','2021-09-10','13:01:00','14:01:00','729 140 031',9),
	 ('RES2021910737613S3','2021-09-10','15:24:00','16:24:00','737 719 613',3),
	 ('RES2021910761814S4','2021-09-10','11:15:00','12:15:00','761 514 814',4),
	 ('RES2021910778854S1','2021-09-10','11:57:00','12:57:00','778 604 854',1),
	 ('RES2021910785106S6','2021-09-10','12:30:00','13:30:00','785 154 106',6),
	 ('RES2021910789204S8','2021-09-10','17:06:00','18:06:00','789 253 204',8),
	 ('RES2021910791623S9','2021-09-10','12:06:00','13:06:00','791 034 623',9),
	 ('RES2021910799361S6','2021-09-10','15:26:00','16:26:00','799 434 361',6);
INSERT INTO KaraokeV3.Reserva (id_reserva,fec_reserva,hora_ini,hora_fin,telefono_cliente,num_sala) VALUES
	 ('RES2021911612116S3','2021-09-11','13:39:00','14:39:00','612 888 116',3),
	 ('RES2021911612296S7','2021-09-11','14:36:00','15:36:00','612 584 296',7),
	 ('RES2021911620362S3','2021-09-11','15:49:00','16:49:00','620 182 362',3),
	 ('RES2021911628095S7','2021-09-11','14:31:00','15:31:00','628 809 095',7),
	 ('RES2021911630746S8','2021-09-11','12:07:00','13:07:00','630 796 746',8),
	 ('RES2021911646712S9','2021-09-11','17:34:00','18:34:00','646 989 712',9),
	 ('RES2021911653136S3','2021-09-11','15:31:00','16:31:00','653 621 136',3),
	 ('RES2021911657620S1','2021-09-11','19:03:00','20:03:00','657 820 620',1),
	 ('RES2021911658375S6','2021-09-11','09:07:00','10:07:00','658 477 375',6),
	 ('RES2021911662527S1','2021-09-11','19:20:00','20:20:00','662 684 527',1);
INSERT INTO KaraokeV3.Reserva (id_reserva,fec_reserva,hora_ini,hora_fin,telefono_cliente,num_sala) VALUES
	 ('RES2021911665045S6','2021-09-11','12:41:00','13:41:00','665 710 045',6),
	 ('RES2021911688667S5','2021-09-11','09:56:00','10:56:00','688 650 667',5),
	 ('RES2021911690453S4','2021-09-11','14:26:00','15:26:00','690 774 453',4),
	 ('RES2021911713945S4','2021-09-11','16:19:00','17:19:00','713 921 945',4),
	 ('RES2021911717618S8','2021-09-11','08:02:00','09:02:00','717 934 618',8),
	 ('RES2021911739591S2','2021-09-11','08:39:00','09:39:00','739 876 591',2),
	 ('RES2021911765033S2','2021-09-11','20:41:00','21:41:00','765 824 033',2),
	 ('RES2021911793255S5','2021-09-11','18:42:00','19:42:00','793 899 255',5),
	 ('RES2021911794698S5','2021-09-11','09:38:00','10:38:00','794 791 698',5),
	 ('RES2021911797484S9','2021-09-11','20:37:00','21:37:00','797 399 484',9);
INSERT INTO KaraokeV3.Reserva (id_reserva,fec_reserva,hora_ini,hora_fin,telefono_cliente,num_sala) VALUES
	 ('RES2021912610910S7','2021-09-12','08:52:00','09:52:00','610 338 910',7),
	 ('RES2021912613155S7','2021-09-12','14:13:00','15:13:00','613 795 155',7),
	 ('RES2021912620514S9','2021-09-12','12:09:00','13:09:00','620 726 514',9),
	 ('RES2021912633006S9','2021-09-12','18:07:00','19:07:00','633 119 006',9),
	 ('RES2021912643553S3','2021-09-12','19:28:00','20:28:00','643 404 553',3),
	 ('RES2021912654942S4','2021-09-12','10:03:00','11:03:00','654 805 942',4),
	 ('RES2021912661061S1','2021-09-12','12:20:00','13:20:00','661 426 061',1),
	 ('RES2021912661109S2','2021-09-12','14:33:00','15:33:00','661 567 109',2),
	 ('RES2021912668905S6','2021-09-12','17:52:00','18:52:00','668 921 905',6),
	 ('RES2021912671630S4','2021-09-12','13:18:00','14:18:00','671 940 630',4);
INSERT INTO KaraokeV3.Reserva (id_reserva,fec_reserva,hora_ini,hora_fin,telefono_cliente,num_sala) VALUES
	 ('RES2021912711947S1','2021-09-12','11:47:00','12:47:00','711 560 947',1),
	 ('RES2021912713335S6','2021-09-12','08:49:00','09:49:00','713 208 335',6),
	 ('RES2021912726896S2','2021-09-12','14:54:00','15:54:00','726 739 896',2),
	 ('RES2021912728570S5','2021-09-12','12:36:00','13:36:00','728 387 570',5),
	 ('RES2021912732325S8','2021-09-12','09:43:00','10:43:00','732 577 325',8),
	 ('RES2021912751028S3','2021-09-12','09:22:00','10:22:00','751 379 028',3),
	 ('RES2021912762309S5','2021-09-12','18:11:00','19:11:00','762 612 309',5),
	 ('RES2021912778063S8','2021-09-12','12:53:00','13:53:00','778 585 063',8),
	 ('RES2021912794013S8','2021-09-12','08:27:00','09:27:00','794 801 013',8),
	 ('RES2021912799410S1','2021-09-12','11:09:00','12:09:00','799 291 410',1);
INSERT INTO KaraokeV3.Reserva (id_reserva,fec_reserva,hora_ini,hora_fin,telefono_cliente,num_sala) VALUES
	 ('RES2021913605838S7','2021-09-13','08:37:00','09:37:00','605 728 838',7),
	 ('RES2021913615327S3','2021-09-13','13:42:00','14:42:00','615 426 327',3),
	 ('RES2021913621223S8','2021-09-13','13:42:00','14:42:00','621 667 223',8),
	 ('RES2021913625453S5','2021-09-13','10:33:00','11:33:00','625 162 453',5),
	 ('RES2021913629952S6','2021-09-13','20:02:00','21:02:00','629 341 952',6),
	 ('RES2021913641509S4','2021-09-13','17:23:00','18:23:00','641 140 509',4),
	 ('RES2021913655529S7','2021-09-13','08:16:00','09:16:00','655 826 529',7),
	 ('RES2021913656744S2','2021-09-13','13:33:00','14:33:00','656 589 744',2),
	 ('RES2021913667739S1','2021-09-13','08:11:00','09:11:00','667 670 739',1),
	 ('RES2021913672537S5','2021-09-13','15:51:00','16:51:00','672 350 537',5);
INSERT INTO KaraokeV3.Reserva (id_reserva,fec_reserva,hora_ini,hora_fin,telefono_cliente,num_sala) VALUES
	 ('RES2021913683392S9','2021-09-13','16:54:00','17:54:00','683 071 392',9),
	 ('RES2021913711553S4','2021-09-13','12:11:00','13:11:00','711 376 553',4),
	 ('RES2021913717450S4','2021-09-13','19:57:00','20:57:00','717 529 450',4),
	 ('RES2021913717617S2','2021-09-13','20:08:00','21:08:00','717 205 617',2),
	 ('RES2021913727703S1','2021-09-13','09:03:00','10:03:00','727 976 703',1),
	 ('RES2021913730803S7','2021-09-13','09:51:00','10:51:00','730 908 803',7),
	 ('RES2021913732246S9','2021-09-13','09:56:00','10:56:00','732 927 246',9),
	 ('RES2021913774906S6','2021-09-13','20:29:00','21:29:00','774 605 906',6),
	 ('RES2021913795885S3','2021-09-13','20:04:00','21:04:00','795 953 885',3),
	 ('RES2021913797627S8','2021-09-13','12:01:00','13:01:00','797 763 627',8);
INSERT INTO KaraokeV3.Reserva (id_reserva,fec_reserva,hora_ini,hora_fin,telefono_cliente,num_sala) VALUES
	 ('RES2021914601732S9','2021-09-14','18:39:00','19:39:00','601 748 732',9),
	 ('RES2021914601916S9','2021-09-14','16:44:00','17:44:00','601 738 916',9),
	 ('RES2021914606736S8','2021-09-14','14:39:00','15:39:00','606 811 736',8),
	 ('RES2021914624909S3','2021-09-14','09:59:00','10:59:00','624 059 909',3),
	 ('RES2021914644008S2','2021-09-14','18:42:00','19:42:00','644 953 008',2),
	 ('RES2021914657480S2','2021-09-14','11:46:00','12:46:00','657 820 480',2),
	 ('RES2021914679981S8','2021-09-14','10:10:00','11:10:00','679 240 981',8),
	 ('RES2021914715685S3','2021-09-14','15:59:00','16:59:00','715 729 685',3),
	 ('RES2021914727051S6','2021-09-14','20:41:00','21:41:00','727 163 051',6),
	 ('RES2021914731500S5','2021-09-14','13:00:00','14:00:00','731 225 500',5);
INSERT INTO KaraokeV3.Reserva (id_reserva,fec_reserva,hora_ini,hora_fin,telefono_cliente,num_sala) VALUES
	 ('RES2021914744626S7','2021-09-14','11:56:00','12:56:00','744 624 626',7),
	 ('RES2021914756832S5','2021-09-14','15:58:00','16:58:00','756 973 832',5),
	 ('RES2021914758847S4','2021-09-14','20:32:00','21:32:00','758 358 847',4),
	 ('RES2021914761963S7','2021-09-14','20:21:00','21:21:00','761 157 963',7),
	 ('RES2021914772356S6','2021-09-14','15:32:00','16:32:00','772 889 356',6),
	 ('RES2021914774466S2','2021-09-14','11:03:00','12:03:00','774 854 466',2),
	 ('RES2021914774933S1','2021-09-14','08:24:00','09:24:00','774 061 933',1),
	 ('RES2021914785820S1','2021-09-14','12:30:00','13:30:00','785 766 820',1),
	 ('RES2021914790277S4','2021-09-14','18:55:00','19:55:00','790 746 277',4),
	 ('RES2021914794912S9','2021-09-14','12:21:00','13:21:00','794 725 912',9);
INSERT INTO KaraokeV3.Reserva (id_reserva,fec_reserva,hora_ini,hora_fin,telefono_cliente,num_sala) VALUES
	 ('RES2021915601073S3','2021-09-15','11:26:00','12:26:00','601 981 073',3),
	 ('RES2021915604297S6','2021-09-15','13:09:00','14:09:00','604 388 297',6),
	 ('RES2021915606443S4','2021-09-15','16:54:00','17:54:00','606 559 443',4),
	 ('RES2021915622413S2','2021-09-15','11:05:00','12:05:00','622 007 413',2),
	 ('RES2021915635731S6','2021-09-15','20:15:00','21:15:00','635 250 731',6),
	 ('RES2021915638572S5','2021-09-15','14:19:00','15:19:00','638 610 572',5),
	 ('RES2021915675589S4','2021-09-15','13:51:00','14:51:00','675 696 589',4),
	 ('RES2021915676871S3','2021-09-15','17:29:00','18:29:00','676 927 871',3),
	 ('RES2021915691074S5','2021-09-15','09:21:00','10:21:00','691 664 074',5),
	 ('RES2021915712891S1','2021-09-15','18:42:00','19:42:00','712 704 891',1);
INSERT INTO KaraokeV3.Reserva (id_reserva,fec_reserva,hora_ini,hora_fin,telefono_cliente,num_sala) VALUES
	 ('RES2021915742994S8','2021-09-15','11:42:00','12:42:00','742 881 994',8),
	 ('RES2021915744862S8','2021-09-15','16:20:00','17:20:00','744 881 862',8),
	 ('RES2021915758656S5','2021-09-15','13:26:00','14:26:00','758 848 656',5),
	 ('RES2021915759135S9','2021-09-15','11:45:00','12:45:00','759 229 135',9),
	 ('RES2021915760487S2','2021-09-15','13:56:00','14:56:00','760 393 487',2),
	 ('RES2021915765609S9','2021-09-15','20:26:00','21:26:00','765 556 609',9),
	 ('RES2021915769055S7','2021-09-15','10:06:00','11:06:00','769 170 055',7),
	 ('RES2021915769372S7','2021-09-15','14:35:00','15:35:00','769 220 372',7),
	 ('RES2021915782503S6','2021-09-15','19:33:00','20:33:00','782 485 503',6),
	 ('RES2021915782910S1','2021-09-15','10:04:00','11:04:00','782 156 910',1);
INSERT INTO KaraokeV3.Reserva (id_reserva,fec_reserva,hora_ini,hora_fin,telefono_cliente,num_sala) VALUES
	 ('RES202191601836S9','2021-09-01','10:11:00','11:11:00','601 803 836',9),
	 ('RES202191616602S2','2021-09-01','20:17:00','21:17:00','616 517 602',2),
	 ('RES202191619131S2','2021-09-01','14:13:00','15:13:00','619 292 131',2),
	 ('RES202191628090S9','2021-09-01','20:22:00','21:22:00','628 228 090',9),
	 ('RES202191652157S6','2021-09-01','18:45:00','19:45:00','652 744 157',6),
	 ('RES202191655292S1','2021-09-01','10:18:00','11:18:00','655 273 292',1),
	 ('RES2021916601267S4','2021-09-16','12:51:00','13:51:00','601 480 267',4),
	 ('RES2021916602670S9','2021-09-16','10:52:00','11:52:00','602 384 670',9),
	 ('RES2021916612569S3','2021-09-16','10:21:00','11:21:00','612 682 569',3),
	 ('RES202191661718S4','2021-09-01','15:10:00','16:10:00','661 061 718',4);
INSERT INTO KaraokeV3.Reserva (id_reserva,fec_reserva,hora_ini,hora_fin,telefono_cliente,num_sala) VALUES
	 ('RES2021916653033S2','2021-09-16','14:55:00','15:55:00','653 245 033',2),
	 ('RES2021916653529S3','2021-09-16','09:46:00','10:46:00','653 566 529',3),
	 ('RES2021916669526S5','2021-09-16','20:18:00','21:18:00','669 007 526',5),
	 ('RES2021916677098S7','2021-09-16','18:23:00','19:23:00','677 894 098',7),
	 ('RES2021916683338S7','2021-09-16','09:22:00','10:22:00','683 961 338',7),
	 ('RES2021916698482S8','2021-09-16','12:48:00','13:48:00','698 827 482',8),
	 ('RES2021916711003S9','2021-09-16','16:25:00','17:25:00','711 645 003',9),
	 ('RES2021916720479S1','2021-09-16','19:09:00','20:09:00','720 217 479',1),
	 ('RES2021916726106S1','2021-09-16','08:40:00','09:40:00','726 156 106',1),
	 ('RES2021916731283S3','2021-09-16','13:26:00','14:26:00','731 108 283',3);
INSERT INTO KaraokeV3.Reserva (id_reserva,fec_reserva,hora_ini,hora_fin,telefono_cliente,num_sala) VALUES
	 ('RES2021916739570S8','2021-09-16','08:25:00','09:25:00','739 459 570',8),
	 ('RES2021916740754S2','2021-09-16','14:46:00','15:46:00','740 397 754',2),
	 ('RES2021916763399S4','2021-09-16','16:13:00','17:13:00','763 677 399',4),
	 ('RES2021916767687S8','2021-09-16','14:04:00','15:04:00','767 445 687',8),
	 ('RES2021916770685S6','2021-09-16','09:09:00','10:09:00','770 484 685',6),
	 ('RES2021916785635S6','2021-09-16','15:46:00','16:46:00','785 061 635',6),
	 ('RES2021916786359S5','2021-09-16','08:54:00','09:54:00','786 507 359',5),
	 ('RES202191710089S3','2021-09-01','19:55:00','20:55:00','710 272 089',3),
	 ('RES202191718032S7','2021-09-01','18:13:00','19:13:00','718 835 032',7),
	 ('RES202191718289S8','2021-09-01','15:59:00','16:59:00','718 872 289',8);
INSERT INTO KaraokeV3.Reserva (id_reserva,fec_reserva,hora_ini,hora_fin,telefono_cliente,num_sala) VALUES
	 ('RES202191719631S2','2021-09-01','11:32:00','12:32:00','719 824 631',2),
	 ('RES202191730549S6','2021-09-01','09:35:00','10:35:00','730 983 549',6),
	 ('RES202191736252S7','2021-09-01','15:49:00','16:49:00','736 044 252',7),
	 ('RES202191737252S1','2021-09-01','09:37:00','10:37:00','737 515 252',1),
	 ('RES202191749278S4','2021-09-01','16:39:00','17:39:00','749 325 278',4),
	 ('RES2021917600792S1','2021-09-17','10:45:00','11:45:00','600 129 792',1),
	 ('RES2021917604327S9','2021-09-17','14:04:00','15:04:00','604 527 327',9),
	 ('RES2021917621512S1','2021-09-17','08:09:00','09:09:00','621 573 512',1),
	 ('RES2021917626607S8','2021-09-17','09:59:00','10:59:00','626 583 607',8),
	 ('RES2021917640303S4','2021-09-17','12:04:00','13:04:00','640 748 303',4);
INSERT INTO KaraokeV3.Reserva (id_reserva,fec_reserva,hora_ini,hora_fin,telefono_cliente,num_sala) VALUES
	 ('RES2021917648548S6','2021-09-17','12:26:00','13:26:00','648 872 548',6),
	 ('RES2021917649734S2','2021-09-17','16:12:00','17:12:00','649 358 734',2),
	 ('RES2021917652634S9','2021-09-17','09:34:00','10:34:00','652 138 634',9),
	 ('RES2021917693832S3','2021-09-17','15:12:00','16:12:00','693 330 832',3),
	 ('RES2021917697625S5','2021-09-17','19:53:00','20:53:00','697 168 625',5),
	 ('RES2021917697843S8','2021-09-17','20:17:00','21:17:00','697 818 843',8),
	 ('RES202191770564S5','2021-09-01','09:28:00','10:28:00','770 449 564',5),
	 ('RES2021917712427S7','2021-09-17','18:39:00','19:39:00','712 437 427',7),
	 ('RES2021917716158S7','2021-09-17','10:17:00','11:17:00','716 240 158',7),
	 ('RES2021917755596S3','2021-09-17','14:47:00','15:47:00','755 447 596',3);
INSERT INTO KaraokeV3.Reserva (id_reserva,fec_reserva,hora_ini,hora_fin,telefono_cliente,num_sala) VALUES
	 ('RES2021917769165S5','2021-09-17','16:01:00','17:01:00','769 017 165',5),
	 ('RES2021917770022S4','2021-09-17','10:57:00','11:57:00','770 998 022',4),
	 ('RES2021917781238S6','2021-09-17','09:58:00','10:58:00','781 291 238',6),
	 ('RES2021917788043S4','2021-09-17','16:24:00','17:24:00','788 763 043',4),
	 ('RES2021917794302S2','2021-09-17','15:54:00','16:54:00','794 638 302',2),
	 ('RES2021917797385S1','2021-09-17','10:56:00','11:56:00','797 943 385',1),
	 ('RES202191785029S6','2021-09-01','09:20:00','10:20:00','785 670 029',6),
	 ('RES202191788236S8','2021-09-01','16:56:00','17:56:00','788 150 236',8),
	 ('RES202191794936S5','2021-09-01','17:33:00','18:33:00','794 875 936',5),
	 ('RES202191797028S3','2021-09-01','17:07:00','18:07:00','797 504 028',3);
INSERT INTO KaraokeV3.Reserva (id_reserva,fec_reserva,hora_ini,hora_fin,telefono_cliente,num_sala) VALUES
	 ('RES2021918623788S7','2021-09-18','20:11:00','21:11:00','623 331 788',7),
	 ('RES2021918652616S8','2021-09-18','11:40:00','12:40:00','652 239 616',8),
	 ('RES2021918655996S4','2021-09-18','11:01:00','12:01:00','655 528 996',4),
	 ('RES2021918660607S2','2021-09-18','16:04:00','17:04:00','660 972 607',2),
	 ('RES2021918673922S1','2021-09-18','12:35:00','13:35:00','673 698 922',1),
	 ('RES2021918678648S5','2021-09-18','11:51:00','12:51:00','678 666 648',5),
	 ('RES2021918683696S9','2021-09-18','18:12:00','19:12:00','683 455 696',9),
	 ('RES2021918693467S6','2021-09-18','09:15:00','10:15:00','693 834 467',6),
	 ('RES2021918699441S9','2021-09-18','14:13:00','15:13:00','699 244 441',9),
	 ('RES2021918710514S5','2021-09-18','15:23:00','16:23:00','710 998 514',5);
INSERT INTO KaraokeV3.Reserva (id_reserva,fec_reserva,hora_ini,hora_fin,telefono_cliente,num_sala) VALUES
	 ('RES2021918720135S7','2021-09-18','12:05:00','13:05:00','720 117 135',7),
	 ('RES2021918721800S3','2021-09-18','09:32:00','10:32:00','721 285 800',3),
	 ('RES2021918723365S2','2021-09-18','12:52:00','13:52:00','723 207 365',2),
	 ('RES2021918739077S9','2021-09-18','12:25:00','13:25:00','739 315 077',9),
	 ('RES2021918755767S8','2021-09-18','17:50:00','18:50:00','755 453 767',8),
	 ('RES2021918764908S6','2021-09-18','13:02:00','14:02:00','764 545 908',6),
	 ('RES2021918780775S1','2021-09-18','20:01:00','21:01:00','780 239 775',1),
	 ('RES2021918781552S7','2021-09-18','14:31:00','15:31:00','781 932 552',7),
	 ('RES2021918789501S4','2021-09-18','09:14:00','10:14:00','789 964 501',4),
	 ('RES2021918792952S3','2021-09-18','15:51:00','16:51:00','792 956 952',3);
INSERT INTO KaraokeV3.Reserva (id_reserva,fec_reserva,hora_ini,hora_fin,telefono_cliente,num_sala) VALUES
	 ('RES2021919601120S3','2021-09-19','08:39:00','09:39:00','601 418 120',3),
	 ('RES2021919605284S1','2021-09-19','12:39:00','13:39:00','605 685 284',1),
	 ('RES2021919613553S8','2021-09-19','09:42:00','10:42:00','613 691 553',8),
	 ('RES2021919613636S4','2021-09-19','14:17:00','15:17:00','613 765 636',4),
	 ('RES2021919616234S5','2021-09-19','15:24:00','16:24:00','616 490 234',5),
	 ('RES2021919623727S1','2021-09-19','15:28:00','16:28:00','623 793 727',1),
	 ('RES2021919644927S3','2021-09-19','20:40:00','21:40:00','644 683 927',3),
	 ('RES2021919666978S4','2021-09-19','13:21:00','14:21:00','666 464 978',4),
	 ('RES2021919674387S6','2021-09-19','17:55:00','18:55:00','674 622 387',6),
	 ('RES2021919681312S7','2021-09-19','16:49:00','17:49:00','681 867 312',7);
INSERT INTO KaraokeV3.Reserva (id_reserva,fec_reserva,hora_ini,hora_fin,telefono_cliente,num_sala) VALUES
	 ('RES2021919682461S9','2021-09-19','15:26:00','16:26:00','682 401 461',9),
	 ('RES2021919713863S5','2021-09-19','18:18:00','19:18:00','713 593 863',5),
	 ('RES2021919717716S6','2021-09-19','10:59:00','11:59:00','717 557 716',6),
	 ('RES2021919726142S2','2021-09-19','16:26:00','17:26:00','726 717 142',2),
	 ('RES2021919740772S2','2021-09-19','11:55:00','12:55:00','740 798 772',2),
	 ('RES2021919741585S8','2021-09-19','15:07:00','16:07:00','741 178 585',8),
	 ('RES2021919776272S2','2021-09-19','15:32:00','16:32:00','776 146 272',2),
	 ('RES2021919786400S6','2021-09-19','13:33:00','14:33:00','786 491 400',6),
	 ('RES2021919791804S7','2021-09-19','15:28:00','16:28:00','791 986 804',7),
	 ('RES2021919797637S9','2021-09-19','11:30:00','12:30:00','797 374 637',9);
INSERT INTO KaraokeV3.Reserva (id_reserva,fec_reserva,hora_ini,hora_fin,telefono_cliente,num_sala) VALUES
	 ('RES2021920617234S2','2021-09-20','13:00:00','14:00:00','617 533 234',2),
	 ('RES2021920626759S1','2021-09-20','18:33:00','19:33:00','626 417 759',1),
	 ('RES2021920639888S4','2021-09-20','20:43:00','21:43:00','639 807 888',4),
	 ('RES2021920641466S1','2021-09-20','19:16:00','20:16:00','641 482 466',1),
	 ('RES2021920649039S8','2021-09-20','15:19:00','16:19:00','649 723 039',8),
	 ('RES2021920649573S7','2021-09-20','20:02:00','21:02:00','649 862 573',7),
	 ('RES2021920672530S9','2021-09-20','11:18:00','12:18:00','672 599 530',9),
	 ('RES2021920678934S5','2021-09-20','18:09:00','19:09:00','678 588 934',5),
	 ('RES2021920680506S4','2021-09-20','15:54:00','16:54:00','680 473 506',4),
	 ('RES2021920685486S7','2021-09-20','13:06:00','14:06:00','685 319 486',7);
INSERT INTO KaraokeV3.Reserva (id_reserva,fec_reserva,hora_ini,hora_fin,telefono_cliente,num_sala) VALUES
	 ('RES2021920685520S3','2021-09-20','09:33:00','10:33:00','685 798 520',3),
	 ('RES2021920699983S5','2021-09-20','17:14:00','18:14:00','699 342 983',5),
	 ('RES2021920711425S3','2021-09-20','09:13:00','10:13:00','711 242 425',3),
	 ('RES2021920713516S6','2021-09-20','18:58:00','19:58:00','713 585 516',6),
	 ('RES2021920714319S9','2021-09-20','17:52:00','18:52:00','714 524 319',9),
	 ('RES2021920718912S5','2021-09-20','16:36:00','17:36:00','718 276 912',5),
	 ('RES2021920736700S3','2021-09-20','16:23:00','17:23:00','736 882 700',3),
	 ('RES2021920752631S2','2021-09-20','18:42:00','19:42:00','752 140 631',2),
	 ('RES2021920755458S8','2021-09-20','09:49:00','10:49:00','755 299 458',8),
	 ('RES2021920768228S6','2021-09-20','10:50:00','11:50:00','768 876 228',6);
INSERT INTO KaraokeV3.Reserva (id_reserva,fec_reserva,hora_ini,hora_fin,telefono_cliente,num_sala) VALUES
	 ('RES2021921602112S3','2021-09-21','17:47:00','18:47:00','602 702 112',3),
	 ('RES2021921621676S7','2021-09-21','18:49:00','19:49:00','621 146 676',7),
	 ('RES2021921634745S1','2021-09-21','08:11:00','09:11:00','634 253 745',1),
	 ('RES2021921635339S4','2021-09-21','19:45:00','20:45:00','635 555 339',4),
	 ('RES2021921637726S5','2021-09-21','15:25:00','16:25:00','637 077 726',5),
	 ('RES2021921644366S2','2021-09-21','17:50:00','18:50:00','644 679 366',2),
	 ('RES2021921654431S2','2021-09-21','18:35:00','19:35:00','654 014 431',2),
	 ('RES2021921659943S8','2021-09-21','14:30:00','15:30:00','659 231 943',8),
	 ('RES2021921662526S9','2021-09-21','14:08:00','15:08:00','662 076 526',9),
	 ('RES2021921664659S3','2021-09-21','12:22:00','13:22:00','664 654 659',3);
INSERT INTO KaraokeV3.Reserva (id_reserva,fec_reserva,hora_ini,hora_fin,telefono_cliente,num_sala) VALUES
	 ('RES2021921665757S5','2021-09-21','12:39:00','13:39:00','665 960 757',5),
	 ('RES2021921690859S7','2021-09-21','17:18:00','18:18:00','690 291 859',7),
	 ('RES2021921712079S6','2021-09-21','20:15:00','21:15:00','712 162 079',6),
	 ('RES2021921716479S9','2021-09-21','20:57:00','21:57:00','716 302 479',9),
	 ('RES2021921720217S8','2021-09-21','19:51:00','20:51:00','720 256 217',8),
	 ('RES2021921732795S6','2021-09-21','19:02:00','20:02:00','732 827 795',6),
	 ('RES2021921742524S4','2021-09-21','08:36:00','09:36:00','742 377 524',4),
	 ('RES2021921778804S1','2021-09-21','19:01:00','20:01:00','778 579 804',1),
	 ('RES2021921785203S1','2021-09-21','10:34:00','11:34:00','785 742 203',1),
	 ('RES2021921794351S8','2021-09-21','08:11:00','09:11:00','794 606 351',8);
INSERT INTO KaraokeV3.Reserva (id_reserva,fec_reserva,hora_ini,hora_fin,telefono_cliente,num_sala) VALUES
	 ('RES2021922613065S7','2021-09-22','17:21:00','18:21:00','613 900 065',7),
	 ('RES2021922619568S5','2021-09-22','20:52:00','21:52:00','619 398 568',5),
	 ('RES2021922628918S1','2021-09-22','10:19:00','11:19:00','628 712 918',1),
	 ('RES2021922629536S9','2021-09-22','16:07:00','17:07:00','629 706 536',9),
	 ('RES2021922631916S6','2021-09-22','11:10:00','12:10:00','631 058 916',6),
	 ('RES2021922646370S4','2021-09-22','10:22:00','11:22:00','646 996 370',4),
	 ('RES2021922683623S1','2021-09-22','14:18:00','15:18:00','683 394 623',1),
	 ('RES2021922685551S9','2021-09-22','11:00:00','12:00:00','685 023 551',9),
	 ('RES2021922688902S4','2021-09-22','11:53:00','12:53:00','688 857 902',4),
	 ('RES2021922691184S2','2021-09-22','17:33:00','18:33:00','691 166 184',2);
INSERT INTO KaraokeV3.Reserva (id_reserva,fec_reserva,hora_ini,hora_fin,telefono_cliente,num_sala) VALUES
	 ('RES2021922692384S8','2021-09-22','12:48:00','13:48:00','692 250 384',8),
	 ('RES2021922733837S3','2021-09-22','16:22:00','17:22:00','733 265 837',3),
	 ('RES2021922739564S7','2021-09-22','20:45:00','21:45:00','739 424 564',7),
	 ('RES2021922746442S7','2021-09-22','15:43:00','16:43:00','746 896 442',7),
	 ('RES2021922764286S6','2021-09-22','11:39:00','12:39:00','764 218 286',6),
	 ('RES2021922766145S5','2021-09-22','16:51:00','17:51:00','766 728 145',5),
	 ('RES2021922782136S4','2021-09-22','19:50:00','20:50:00','782 102 136',4),
	 ('RES2021922784446S8','2021-09-22','11:05:00','12:05:00','784 066 446',8),
	 ('RES2021922789827S3','2021-09-22','20:28:00','21:28:00','789 758 827',3),
	 ('RES2021922791420S2','2021-09-22','18:02:00','19:02:00','791 042 420',2);
INSERT INTO KaraokeV3.Reserva (id_reserva,fec_reserva,hora_ini,hora_fin,telefono_cliente,num_sala) VALUES
	 ('RES2021923613649S2','2021-09-23','17:01:00','18:01:00','613 615 649',2),
	 ('RES2021923621615S7','2021-09-23','18:05:00','19:05:00','621 958 615',7),
	 ('RES2021923637313S1','2021-09-23','11:12:00','12:12:00','637 968 313',1),
	 ('RES2021923648650S3','2021-09-23','11:20:00','12:20:00','648 082 650',3),
	 ('RES2021923653521S9','2021-09-23','12:50:00','13:50:00','653 365 521',9),
	 ('RES2021923659571S3','2021-09-23','14:26:00','15:26:00','659 420 571',3),
	 ('RES2021923660305S6','2021-09-23','18:00:00','19:00:00','660 167 305',6),
	 ('RES2021923693586S9','2021-09-23','19:43:00','20:43:00','693 446 586',9),
	 ('RES2021923720146S4','2021-09-23','13:47:00','14:47:00','720 475 146',4),
	 ('RES2021923728894S7','2021-09-23','15:58:00','16:58:00','728 059 894',7);
INSERT INTO KaraokeV3.Reserva (id_reserva,fec_reserva,hora_ini,hora_fin,telefono_cliente,num_sala) VALUES
	 ('RES2021923729081S4','2021-09-23','11:15:00','12:15:00','729 957 081',4),
	 ('RES2021923734470S2','2021-09-23','16:38:00','17:38:00','734 224 470',2),
	 ('RES2021923754252S8','2021-09-23','10:14:00','11:14:00','754 036 252',8),
	 ('RES2021923765831S9','2021-09-23','16:21:00','17:21:00','765 855 831',9),
	 ('RES2021923769451S1','2021-09-23','10:52:00','11:52:00','769 423 451',1),
	 ('RES2021923771136S6','2021-09-23','13:17:00','14:17:00','771 562 136',6),
	 ('RES2021923771747S2','2021-09-23','10:09:00','11:09:00','771 641 747',2),
	 ('RES2021923777327S5','2021-09-23','19:21:00','20:21:00','777 367 327',5),
	 ('RES2021923783767S8','2021-09-23','13:13:00','14:13:00','783 205 767',8),
	 ('RES2021923784967S5','2021-09-23','08:38:00','09:38:00','784 060 967',5);
INSERT INTO KaraokeV3.Reserva (id_reserva,fec_reserva,hora_ini,hora_fin,telefono_cliente,num_sala) VALUES
	 ('RES2021924614860S6','2021-09-24','14:58:00','15:58:00','614 066 860',6),
	 ('RES2021924622487S8','2021-09-24','12:33:00','13:33:00','622 935 487',8),
	 ('RES2021924631434S8','2021-09-24','18:22:00','19:22:00','631 302 434',8),
	 ('RES2021924634211S2','2021-09-24','19:11:00','20:11:00','634 583 211',2),
	 ('RES2021924652035S1','2021-09-24','12:48:00','13:48:00','652 910 035',1),
	 ('RES2021924663525S6','2021-09-24','19:20:00','20:20:00','663 963 525',6),
	 ('RES2021924664915S3','2021-09-24','10:32:00','11:32:00','664 333 915',3),
	 ('RES2021924668386S1','2021-09-24','12:06:00','13:06:00','668 484 386',1),
	 ('RES2021924679433S4','2021-09-24','19:06:00','20:06:00','679 132 433',4),
	 ('RES2021924680344S9','2021-09-24','12:53:00','13:53:00','680 743 344',9);
INSERT INTO KaraokeV3.Reserva (id_reserva,fec_reserva,hora_ini,hora_fin,telefono_cliente,num_sala) VALUES
	 ('RES2021924694384S4','2021-09-24','19:28:00','20:28:00','694 695 384',4),
	 ('RES2021924698860S5','2021-09-24','11:40:00','12:40:00','698 290 860',5),
	 ('RES2021924715376S3','2021-09-24','10:27:00','11:27:00','715 648 376',3),
	 ('RES2021924722153S5','2021-09-24','15:49:00','16:49:00','722 051 153',5),
	 ('RES2021924751075S2','2021-09-24','14:28:00','15:28:00','751 375 075',2),
	 ('RES2021924761501S9','2021-09-24','14:04:00','15:04:00','761 842 501',9),
	 ('RES2021924764969S7','2021-09-24','11:28:00','12:28:00','764 510 969',7),
	 ('RES2021924786675S5','2021-09-24','16:05:00','17:05:00','786 753 675',5),
	 ('RES2021924791573S6','2021-09-24','08:20:00','09:20:00','791 155 573',6),
	 ('RES2021924796646S7','2021-09-24','14:14:00','15:14:00','796 722 646',7);
INSERT INTO KaraokeV3.Reserva (id_reserva,fec_reserva,hora_ini,hora_fin,telefono_cliente,num_sala) VALUES
	 ('RES2021925608241S1','2021-09-25','17:58:00','18:58:00','608 217 241',1),
	 ('RES2021925611661S8','2021-09-25','17:00:00','18:00:00','611 060 661',8),
	 ('RES2021925625126S4','2021-09-25','11:53:00','12:53:00','625 056 126',4),
	 ('RES2021925633719S5','2021-09-25','13:11:00','14:11:00','633 500 719',5),
	 ('RES2021925653872S8','2021-09-25','16:34:00','17:34:00','653 867 872',8),
	 ('RES2021925659213S9','2021-09-25','13:04:00','14:04:00','659 639 213',9),
	 ('RES2021925667634S2','2021-09-25','20:43:00','21:43:00','667 558 634',2),
	 ('RES2021925670083S1','2021-09-25','12:56:00','13:56:00','670 358 083',1),
	 ('RES2021925676326S7','2021-09-25','15:11:00','16:11:00','676 576 326',7),
	 ('RES2021925685776S8','2021-09-25','09:29:00','10:29:00','685 680 776',8);
INSERT INTO KaraokeV3.Reserva (id_reserva,fec_reserva,hora_ini,hora_fin,telefono_cliente,num_sala) VALUES
	 ('RES2021925696449S3','2021-09-25','10:03:00','11:03:00','696 593 449',3),
	 ('RES2021925697322S5','2021-09-25','09:55:00','10:55:00','697 314 322',5),
	 ('RES2021925698776S4','2021-09-25','13:31:00','14:31:00','698 775 776',4),
	 ('RES2021925719782S9','2021-09-25','10:12:00','11:12:00','719 060 782',9),
	 ('RES2021925719997S2','2021-09-25','08:21:00','09:21:00','719 674 997',2),
	 ('RES2021925726799S3','2021-09-25','13:21:00','14:21:00','726 298 799',3),
	 ('RES2021925748355S6','2021-09-25','10:43:00','11:43:00','748 841 355',6),
	 ('RES2021925761310S3','2021-09-25','20:37:00','21:37:00','761 571 310',3),
	 ('RES2021925769870S7','2021-09-25','18:13:00','19:13:00','769 820 870',7),
	 ('RES2021925776596S6','2021-09-25','12:50:00','13:50:00','776 340 596',6);
INSERT INTO KaraokeV3.Reserva (id_reserva,fec_reserva,hora_ini,hora_fin,telefono_cliente,num_sala) VALUES
	 ('RES202192602004S5','2021-09-02','15:54:00','16:54:00','602 131 004',5),
	 ('RES202192623955S7','2021-09-02','09:39:00','10:39:00','623 520 955',7),
	 ('RES202192627677S7','2021-09-02','18:42:00','19:42:00','627 926 677',7),
	 ('RES202192654397S5','2021-09-02','10:38:00','11:38:00','654 760 397',5),
	 ('RES2021926607831S6','2021-09-26','18:13:00','19:13:00','607 053 831',6),
	 ('RES2021926618437S8','2021-09-26','18:31:00','19:31:00','618 906 437',8),
	 ('RES2021926622479S3','2021-09-26','15:45:00','16:45:00','622 678 479',3),
	 ('RES2021926633503S4','2021-09-26','10:03:00','11:03:00','633 132 503',4),
	 ('RES2021926660377S4','2021-09-26','20:17:00','21:17:00','660 055 377',4),
	 ('RES2021926668490S1','2021-09-26','17:40:00','18:40:00','668 176 490',1);
INSERT INTO KaraokeV3.Reserva (id_reserva,fec_reserva,hora_ini,hora_fin,telefono_cliente,num_sala) VALUES
	 ('RES2021926669949S9','2021-09-26','13:01:00','14:01:00','669 358 949',9),
	 ('RES2021926685643S5','2021-09-26','16:24:00','17:24:00','685 502 643',5),
	 ('RES2021926686720S1','2021-09-26','14:44:00','15:44:00','686 412 720',1),
	 ('RES2021926689894S5','2021-09-26','17:53:00','18:53:00','689 520 894',5),
	 ('RES2021926690038S7','2021-09-26','17:56:00','18:56:00','690 104 038',7),
	 ('RES2021926694499S7','2021-09-26','18:35:00','19:35:00','694 056 499',7),
	 ('RES2021926696244S2','2021-09-26','09:59:00','10:59:00','696 725 244',2),
	 ('RES202192671907S2','2021-09-02','14:26:00','15:26:00','671 042 907',2),
	 ('RES2021926740195S9','2021-09-26','16:09:00','17:09:00','740 095 195',9),
	 ('RES2021926747924S6','2021-09-26','16:32:00','17:32:00','747 592 924',6);
INSERT INTO KaraokeV3.Reserva (id_reserva,fec_reserva,hora_ini,hora_fin,telefono_cliente,num_sala) VALUES
	 ('RES2021926751240S1','2021-09-26','09:48:00','10:48:00','751 710 240',1),
	 ('RES2021926757152S3','2021-09-26','16:04:00','17:04:00','757 244 152',3),
	 ('RES2021926764404S2','2021-09-26','13:35:00','14:35:00','764 782 404',2),
	 ('RES2021926765266S8','2021-09-26','10:50:00','11:50:00','765 406 266',8),
	 ('RES202192679037S6','2021-09-02','11:56:00','12:56:00','679 693 037',6),
	 ('RES2021926790988S4','2021-09-26','20:15:00','21:15:00','790 457 988',4),
	 ('RES202192710279S4','2021-09-02','08:54:00','09:54:00','710 602 279',4),
	 ('RES202192723255S6','2021-09-02','18:47:00','19:47:00','723 570 255',6),
	 ('RES202192723986S9','2021-09-02','08:22:00','09:22:00','723 085 986',9),
	 ('RES202192725961S8','2021-09-02','11:50:00','12:50:00','725 835 961',8);
INSERT INTO KaraokeV3.Reserva (id_reserva,fec_reserva,hora_ini,hora_fin,telefono_cliente,num_sala) VALUES
	 ('RES202192729308S9','2021-09-02','12:11:00','13:11:00','729 788 308',9),
	 ('RES202192737517S3','2021-09-02','11:38:00','12:38:00','737 167 517',3),
	 ('RES202192749049S1','2021-09-02','11:45:00','12:45:00','749 590 049',1),
	 ('RES202192757009S1','2021-09-02','16:40:00','17:40:00','757 133 009',1),
	 ('RES202192758624S3','2021-09-02','20:49:00','21:49:00','758 990 624',3),
	 ('RES2021927618751S8','2021-09-27','11:34:00','12:34:00','618 140 751',8),
	 ('RES2021927621019S2','2021-09-27','13:18:00','14:18:00','621 982 019',2),
	 ('RES2021927622992S5','2021-09-27','12:16:00','13:16:00','622 082 992',5),
	 ('RES2021927631973S7','2021-09-27','16:04:00','17:04:00','631 050 973',7),
	 ('RES2021927656105S9','2021-09-27','19:56:00','20:56:00','656 849 105',9);
INSERT INTO KaraokeV3.Reserva (id_reserva,fec_reserva,hora_ini,hora_fin,telefono_cliente,num_sala) VALUES
	 ('RES2021927658331S6','2021-09-27','12:56:00','13:56:00','658 820 331',6),
	 ('RES2021927663591S3','2021-09-27','11:06:00','12:06:00','663 981 591',3),
	 ('RES2021927664029S6','2021-09-27','15:57:00','16:57:00','664 065 029',6),
	 ('RES2021927668450S7','2021-09-27','10:31:00','11:31:00','668 953 450',7),
	 ('RES2021927676213S1','2021-09-27','18:56:00','19:56:00','676 741 213',1),
	 ('RES2021927689286S5','2021-09-27','18:15:00','19:15:00','689 159 286',5),
	 ('RES2021927689376S1','2021-09-27','08:48:00','09:48:00','689 052 376',1),
	 ('RES2021927690128S2','2021-09-27','15:03:00','16:03:00','690 188 128',2),
	 ('RES2021927717408S4','2021-09-27','16:19:00','17:19:00','717 052 408',4),
	 ('RES2021927739384S3','2021-09-27','16:40:00','17:40:00','739 498 384',3);
INSERT INTO KaraokeV3.Reserva (id_reserva,fec_reserva,hora_ini,hora_fin,telefono_cliente,num_sala) VALUES
	 ('RES2021927741148S9','2021-09-27','17:05:00','18:05:00','741 834 148',9),
	 ('RES2021927749358S4','2021-09-27','18:52:00','19:52:00','749 573 358',4),
	 ('RES2021927772569S7','2021-09-27','16:38:00','17:38:00','772 080 569',7),
	 ('RES2021927774019S9','2021-09-27','08:13:00','09:13:00','774 832 019',9),
	 ('RES2021927788288S8','2021-09-27','14:05:00','15:05:00','788 191 288',8),
	 ('RES202192786953S4','2021-09-02','17:26:00','18:26:00','786 248 953',4),
	 ('RES202192795620S2','2021-09-02','19:34:00','20:34:00','795 448 620',2),
	 ('RES202192796447S5','2021-09-02','14:25:00','15:25:00','796 466 447',5),
	 ('RES202192797632S3','2021-09-02','20:20:00','21:20:00','797 134 632',3),
	 ('RES202192799427S8','2021-09-02','15:40:00','16:40:00','799 541 427',8);
INSERT INTO KaraokeV3.Reserva (id_reserva,fec_reserva,hora_ini,hora_fin,telefono_cliente,num_sala) VALUES
	 ('RES2021928602283S4','2021-09-28','18:13:00','19:13:00','602 604 283',4),
	 ('RES2021928606831S1','2021-09-28','08:13:00','09:13:00','606 804 831',1),
	 ('RES2021928608419S3','2021-09-28','13:56:00','14:56:00','608 763 419',3),
	 ('RES2021928610789S4','2021-09-28','11:33:00','12:33:00','610 033 789',4),
	 ('RES2021928656676S2','2021-09-28','08:57:00','09:57:00','656 064 676',2),
	 ('RES2021928684929S5','2021-09-28','08:42:00','09:42:00','684 979 929',5),
	 ('RES2021928697643S8','2021-09-28','09:13:00','10:13:00','697 399 643',8),
	 ('RES2021928717807S2','2021-09-28','19:14:00','20:14:00','717 017 807',2),
	 ('RES2021928745914S1','2021-09-28','09:09:00','10:09:00','745 416 914',1),
	 ('RES2021928747849S9','2021-09-28','16:57:00','17:57:00','747 345 849',9);
INSERT INTO KaraokeV3.Reserva (id_reserva,fec_reserva,hora_ini,hora_fin,telefono_cliente,num_sala) VALUES
	 ('RES2021928750605S8','2021-09-28','10:00:00','11:00:00','750 460 605',8),
	 ('RES2021928753905S2','2021-09-28','15:00:00','16:00:00','753 852 905',2),
	 ('RES2021928761036S6','2021-09-28','15:57:00','16:57:00','761 235 036',6),
	 ('RES2021928770306S9','2021-09-28','16:29:00','17:29:00','770 083 306',9),
	 ('RES2021928772357S6','2021-09-28','20:20:00','21:20:00','772 904 357',6),
	 ('RES2021928772720S3','2021-09-28','14:29:00','15:29:00','772 239 720',3),
	 ('RES2021928776496S7','2021-09-28','20:26:00','21:26:00','776 181 496',7),
	 ('RES2021928784889S6','2021-09-28','10:15:00','11:15:00','784 749 889',6),
	 ('RES2021928787472S7','2021-09-28','08:46:00','09:46:00','787 423 472',7),
	 ('RES2021928788551S5','2021-09-28','19:02:00','20:02:00','788 614 551',5);
INSERT INTO KaraokeV3.Reserva (id_reserva,fec_reserva,hora_ini,hora_fin,telefono_cliente,num_sala) VALUES
	 ('RES2021929609643S5','2021-09-29','18:38:00','19:38:00','609 577 643',5),
	 ('RES2021929620991S5','2021-09-29','15:47:00','16:47:00','620 446 991',5),
	 ('RES2021929639808S2','2021-09-29','12:50:00','13:50:00','639 780 808',2),
	 ('RES2021929647513S1','2021-09-29','18:19:00','19:19:00','647 098 513',1),
	 ('RES2021929658911S7','2021-09-29','15:00:00','16:00:00','658 057 911',7),
	 ('RES2021929678051S3','2021-09-29','10:46:00','11:46:00','678 085 051',3),
	 ('RES2021929680097S1','2021-09-29','09:39:00','10:39:00','680 674 097',1),
	 ('RES2021929687661S4','2021-09-29','09:57:00','10:57:00','687 437 661',4),
	 ('RES2021929692870S9','2021-09-29','09:13:00','10:13:00','692 009 870',9),
	 ('RES2021929693616S8','2021-09-29','08:04:00','09:04:00','693 955 616',8);
INSERT INTO KaraokeV3.Reserva (id_reserva,fec_reserva,hora_ini,hora_fin,telefono_cliente,num_sala) VALUES
	 ('RES2021929697407S4','2021-09-29','10:59:00','11:59:00','697 313 407',4),
	 ('RES2021929710522S3','2021-09-29','08:17:00','09:17:00','710 543 522',3),
	 ('RES2021929712070S6','2021-09-29','08:39:00','09:39:00','712 913 070',6),
	 ('RES2021929723398S3','2021-09-29','15:49:00','16:49:00','723 940 398',3),
	 ('RES2021929766611S8','2021-09-29','14:32:00','15:32:00','766 044 611',8),
	 ('RES2021929783636S6','2021-09-29','09:54:00','10:54:00','783 391 636',6),
	 ('RES2021929784783S5','2021-09-29','10:34:00','11:34:00','784 038 783',5),
	 ('RES2021929786013S2','2021-09-29','11:21:00','12:21:00','786 363 013',2),
	 ('RES2021929787204S9','2021-09-29','18:14:00','19:14:00','787 431 204',9),
	 ('RES2021929797902S7','2021-09-29','11:20:00','12:20:00','797 557 902',7);
INSERT INTO KaraokeV3.Reserva (id_reserva,fec_reserva,hora_ini,hora_fin,telefono_cliente,num_sala) VALUES
	 ('RES2021930604064S4','2021-09-30','14:46:00','15:46:00','604 551 064',4),
	 ('RES2021930622365S2','2021-09-30','13:37:00','14:37:00','622 462 365',2),
	 ('RES2021930631647S3','2021-09-30','10:00:00','11:00:00','631 013 647',3),
	 ('RES2021930634947S4','2021-09-30','08:01:00','09:01:00','634 914 947',4),
	 ('RES2021930636868S2','2021-09-30','12:06:00','13:06:00','636 476 868',2),
	 ('RES2021930649102S5','2021-09-30','13:31:00','14:31:00','649 853 102',5),
	 ('RES2021930659432S6','2021-09-30','09:14:00','10:14:00','659 321 432',6),
	 ('RES2021930659805S8','2021-09-30','14:44:00','15:44:00','659 295 805',8),
	 ('RES2021930664349S8','2021-09-30','16:38:00','17:38:00','664 226 349',8),
	 ('RES2021930665763S7','2021-09-30','12:59:00','13:59:00','665 418 763',7);
INSERT INTO KaraokeV3.Reserva (id_reserva,fec_reserva,hora_ini,hora_fin,telefono_cliente,num_sala) VALUES
	 ('RES2021930683638S1','2021-09-30','18:38:00','19:38:00','683 557 638',1),
	 ('RES2021930693215S1','2021-09-30','17:19:00','18:19:00','693 526 215',1),
	 ('RES2021930737004S9','2021-09-30','16:27:00','17:27:00','737 630 004',9),
	 ('RES2021930741175S7','2021-09-30','18:15:00','19:15:00','741 059 175',7),
	 ('RES2021930744720S1','2021-09-30','17:51:00','18:51:00','744 039 720',1),
	 ('RES2021930771126S8','2021-09-30','10:53:00','11:53:00','771 828 126',8),
	 ('RES2021930773832S5','2021-09-30','10:15:00','11:15:00','773 908 832',5),
	 ('RES2021930774742S3','2021-09-30','14:57:00','15:57:00','774 398 742',3),
	 ('RES2021930779042S9','2021-09-30','08:43:00','09:43:00','779 383 042',9),
	 ('RES2021930793986S6','2021-09-30','11:14:00','12:14:00','793 978 986',6);
INSERT INTO KaraokeV3.Reserva (id_reserva,fec_reserva,hora_ini,hora_fin,telefono_cliente,num_sala) VALUES
	 ('RES202193600547S5','2021-09-03','16:05:00','17:05:00','600 363 547',5),
	 ('RES202193604957S7','2021-09-03','12:42:00','13:42:00','604 289 957',7),
	 ('RES202193631493S8','2021-09-03','16:29:00','17:29:00','631 199 493',8),
	 ('RES202193652951S8','2021-09-03','13:06:00','14:06:00','652 653 951',8),
	 ('RES202193656158S6','2021-09-03','15:26:00','16:26:00','656 597 158',6),
	 ('RES202193656427S5','2021-09-03','17:12:00','18:12:00','656 744 427',5),
	 ('RES202193656689S2','2021-09-03','18:58:00','19:58:00','656 546 689',2),
	 ('RES202193659215S4','2021-09-03','13:13:00','14:13:00','659 647 215',4),
	 ('RES202193668899S1','2021-09-03','15:03:00','16:03:00','668 369 899',1),
	 ('RES202193669131S1','2021-09-03','18:54:00','19:54:00','669 924 131',1);
INSERT INTO KaraokeV3.Reserva (id_reserva,fec_reserva,hora_ini,hora_fin,telefono_cliente,num_sala) VALUES
	 ('RES202193681716S8','2021-09-03','20:35:00','21:35:00','681 950 716',8),
	 ('RES202193696340S7','2021-09-03','18:45:00','19:45:00','696 389 340',7),
	 ('RES202193698093S1','2021-09-03','19:39:00','20:39:00','698 214 093',1),
	 ('RES202193718414S9','2021-09-03','14:09:00','15:09:00','718 230 414',9),
	 ('RES202193726198S6','2021-09-03','15:57:00','16:57:00','726 368 198',6),
	 ('RES202193737763S9','2021-09-03','13:47:00','14:47:00','737 637 763',9),
	 ('RES202193776349S4','2021-09-03','12:38:00','13:38:00','776 143 349',4),
	 ('RES202193779829S3','2021-09-03','17:46:00','18:46:00','779 227 829',3),
	 ('RES202193789202S2','2021-09-03','08:25:00','09:25:00','789 621 202',2),
	 ('RES202193799135S3','2021-09-03','17:37:00','18:37:00','799 786 135',3);
INSERT INTO KaraokeV3.Reserva (id_reserva,fec_reserva,hora_ini,hora_fin,telefono_cliente,num_sala) VALUES
	 ('RES202194605018S8','2021-09-04','13:22:00','14:22:00','605 698 018',8),
	 ('RES202194615519S7','2021-09-04','17:47:00','18:47:00','615 525 519',7),
	 ('RES202194622015S9','2021-09-04','10:34:00','11:34:00','622 706 015',9),
	 ('RES202194630073S4','2021-09-04','18:57:00','19:57:00','630 785 073',4),
	 ('RES202194656035S2','2021-09-04','15:12:00','16:12:00','656 712 035',2),
	 ('RES202194680548S2','2021-09-04','10:35:00','11:35:00','680 164 548',2),
	 ('RES202194686170S3','2021-09-04','11:07:00','12:07:00','686 654 170',3),
	 ('RES202194688288S7','2021-09-04','13:30:00','14:30:00','688 170 288',7),
	 ('RES202194695678S1','2021-09-04','11:15:00','12:15:00','695 539 678',1),
	 ('RES202194713420S5','2021-09-04','13:15:00','14:15:00','713 460 420',5);
INSERT INTO KaraokeV3.Reserva (id_reserva,fec_reserva,hora_ini,hora_fin,telefono_cliente,num_sala) VALUES
	 ('RES202194720325S5','2021-09-04','08:27:00','09:27:00','720 820 325',5),
	 ('RES202194723047S4','2021-09-04','09:52:00','10:52:00','723 502 047',4),
	 ('RES202194740555S8','2021-09-04','15:33:00','16:33:00','740 061 555',8),
	 ('RES202194747587S6','2021-09-04','10:47:00','11:47:00','747 392 587',6),
	 ('RES202194766683S1','2021-09-04','17:02:00','18:02:00','766 674 683',1),
	 ('RES202194769579S7','2021-09-04','15:52:00','16:52:00','769 027 579',7),
	 ('RES202194772741S6','2021-09-04','12:17:00','13:17:00','772 671 741',6),
	 ('RES202194776914S3','2021-09-04','12:48:00','13:48:00','776 168 914',3),
	 ('RES202194792526S9','2021-09-04','10:29:00','11:29:00','792 509 526',9),
	 ('RES202194799432S4','2021-09-04','08:49:00','09:49:00','799 294 432',4);
INSERT INTO KaraokeV3.Reserva (id_reserva,fec_reserva,hora_ini,hora_fin,telefono_cliente,num_sala) VALUES
	 ('RES202195604846S1','2021-09-05','12:37:00','13:37:00','604 184 846',1),
	 ('RES202195606863S7','2021-09-05','12:38:00','13:38:00','606 991 863',7),
	 ('RES202195620390S2','2021-09-05','17:38:00','18:38:00','620 528 390',2),
	 ('RES202195645165S1','2021-09-05','11:36:00','12:36:00','645 281 165',1),
	 ('RES202195679031S8','2021-09-05','19:21:00','20:21:00','679 696 031',8),
	 ('RES202195720771S8','2021-09-05','14:38:00','15:38:00','720 652 771',8),
	 ('RES202195727120S5','2021-09-05','10:16:00','11:16:00','727 041 120',5),
	 ('RES202195727517S7','2021-09-05','10:55:00','11:55:00','727 157 517',7),
	 ('RES202195729038S9','2021-09-05','18:45:00','19:45:00','729 681 038',9),
	 ('RES202195746263S6','2021-09-05','17:43:00','18:43:00','746 042 263',6);
INSERT INTO KaraokeV3.Reserva (id_reserva,fec_reserva,hora_ini,hora_fin,telefono_cliente,num_sala) VALUES
	 ('RES202195755511S2','2021-09-05','19:37:00','20:37:00','755 206 511',2),
	 ('RES202195763453S4','2021-09-05','19:25:00','20:25:00','763 035 453',4),
	 ('RES202195773059S9','2021-09-05','10:59:00','11:59:00','773 807 059',9),
	 ('RES202195777438S2','2021-09-05','18:47:00','19:47:00','777 621 438',2),
	 ('RES202195786140S6','2021-09-05','18:07:00','19:07:00','786 380 140',6),
	 ('RES202195787870S3','2021-09-05','15:31:00','16:31:00','787 889 870',3),
	 ('RES202195789357S4','2021-09-05','15:27:00','16:27:00','789 715 357',4),
	 ('RES202195790469S5','2021-09-05','16:42:00','17:42:00','790 330 469',5),
	 ('RES202195792309S9','2021-09-05','09:28:00','10:28:00','792 752 309',9),
	 ('RES202195795202S3','2021-09-05','09:51:00','10:51:00','795 684 202',3);
INSERT INTO KaraokeV3.Reserva (id_reserva,fec_reserva,hora_ini,hora_fin,telefono_cliente,num_sala) VALUES
	 ('RES202196607917S7','2021-09-06','14:57:00','15:57:00','607 732 917',7),
	 ('RES202196621735S4','2021-09-06','12:00:00','13:00:00','621 194 735',4),
	 ('RES202196622322S3','2021-09-06','17:30:00','18:30:00','622 579 322',3),
	 ('RES202196638418S1','2021-09-06','12:56:00','13:56:00','638 585 418',1),
	 ('RES202196638434S1','2021-09-06','15:16:00','16:16:00','638 539 434',1),
	 ('RES202196656878S5','2021-09-06','19:26:00','20:26:00','656 088 878',5),
	 ('RES202196668849S8','2021-09-06','13:12:00','14:12:00','668 370 849',8),
	 ('RES202196698368S8','2021-09-06','09:36:00','10:36:00','698 499 368',8),
	 ('RES202196710104S9','2021-09-06','10:09:00','11:09:00','710 050 104',9),
	 ('RES202196713835S5','2021-09-06','17:49:00','18:49:00','713 412 835',5);
INSERT INTO KaraokeV3.Reserva (id_reserva,fec_reserva,hora_ini,hora_fin,telefono_cliente,num_sala) VALUES
	 ('RES202196731316S9','2021-09-06','14:48:00','15:48:00','731 684 316',9),
	 ('RES202196739821S3','2021-09-06','11:11:00','12:11:00','739 690 821',3),
	 ('RES202196740664S2','2021-09-06','14:05:00','15:05:00','740 870 664',2),
	 ('RES202196740856S6','2021-09-06','20:09:00','21:09:00','740 630 856',6),
	 ('RES202196748296S7','2021-09-06','17:10:00','18:10:00','748 802 296',7),
	 ('RES202196751797S6','2021-09-06','16:58:00','17:58:00','751 186 797',6),
	 ('RES202196756590S4','2021-09-06','19:54:00','20:54:00','756 918 590',4),
	 ('RES202196757512S6','2021-09-06','18:23:00','19:23:00','757 152 512',6),
	 ('RES202196761835S2','2021-09-06','10:14:00','11:14:00','761 041 835',2),
	 ('RES202196774273S5','2021-09-06','09:19:00','10:19:00','774 428 273',5);
INSERT INTO KaraokeV3.Reserva (id_reserva,fec_reserva,hora_ini,hora_fin,telefono_cliente,num_sala) VALUES
	 ('RES202197620110S3','2021-09-07','13:41:00','14:41:00','620 980 110',3),
	 ('RES202197623116S7','2021-09-07','10:05:00','11:05:00','623 334 116',7),
	 ('RES202197623130S6','2021-09-07','08:52:00','09:52:00','623 744 130',6),
	 ('RES202197626816S5','2021-09-07','19:04:00','20:04:00','626 600 816',5),
	 ('RES202197655861S2','2021-09-07','14:07:00','15:07:00','655 676 861',2),
	 ('RES202197663596S4','2021-09-07','15:17:00','16:17:00','663 475 596',4),
	 ('RES202197671431S1','2021-09-07','10:34:00','11:34:00','671 043 431',1),
	 ('RES202197678193S4','2021-09-07','14:01:00','15:01:00','678 130 193',4),
	 ('RES202197712413S3','2021-09-07','18:13:00','19:13:00','712 088 413',3),
	 ('RES202197714375S7','2021-09-07','10:39:00','11:39:00','714 951 375',7);
INSERT INTO KaraokeV3.Reserva (id_reserva,fec_reserva,hora_ini,hora_fin,telefono_cliente,num_sala) VALUES
	 ('RES202197714521S8','2021-09-07','10:28:00','11:28:00','714 948 521',8),
	 ('RES202197718253S3','2021-09-07','19:51:00','20:51:00','718 108 253',3),
	 ('RES202197729541S9','2021-09-07','20:17:00','21:17:00','729 942 541',9),
	 ('RES202197737176S5','2021-09-07','19:01:00','20:01:00','737 506 176',5),
	 ('RES202197756325S8','2021-09-07','08:04:00','09:04:00','756 387 325',8),
	 ('RES202197768923S1','2021-09-07','15:51:00','16:51:00','768 362 923',1),
	 ('RES202197770322S9','2021-09-07','16:40:00','17:40:00','770 415 322',9),
	 ('RES202197775321S2','2021-09-07','10:39:00','11:39:00','775 285 321',2),
	 ('RES202197782519S6','2021-09-07','20:38:00','21:38:00','782 433 519',6),
	 ('RES202197797192S8','2021-09-07','10:45:00','11:45:00','797 584 192',8);
INSERT INTO KaraokeV3.Reserva (id_reserva,fec_reserva,hora_ini,hora_fin,telefono_cliente,num_sala) VALUES
	 ('RES202198601200S6','2021-09-08','11:46:00','12:46:00','601 938 200',6),
	 ('RES202198605729S9','2021-09-08','16:05:00','17:05:00','605 098 729',9),
	 ('RES202198606065S1','2021-09-08','19:49:00','20:49:00','606 049 065',1),
	 ('RES202198623097S4','2021-09-08','12:44:00','13:44:00','623 736 097',4),
	 ('RES202198628705S9','2021-09-08','14:40:00','15:40:00','628 090 705',9),
	 ('RES202198655068S2','2021-09-08','09:00:00','10:00:00','655 293 068',2),
	 ('RES202198662782S2','2021-09-08','20:08:00','21:08:00','662 042 782',2),
	 ('RES202198664407S5','2021-09-08','20:14:00','21:14:00','664 686 407',5),
	 ('RES202198678701S1','2021-09-08','14:05:00','15:05:00','678 152 701',1),
	 ('RES202198688692S5','2021-09-08','11:26:00','12:26:00','688 473 692',5);
INSERT INTO KaraokeV3.Reserva (id_reserva,fec_reserva,hora_ini,hora_fin,telefono_cliente,num_sala) VALUES
	 ('RES202198711347S4','2021-09-08','09:25:00','10:25:00','711 191 347',4),
	 ('RES202198714071S1','2021-09-08','15:07:00','16:07:00','714 109 071',1),
	 ('RES202198715842S6','2021-09-08','18:59:00','19:59:00','715 543 842',6),
	 ('RES202198741782S3','2021-09-08','20:23:00','21:23:00','741 334 782',3),
	 ('RES202198765689S7','2021-09-08','10:35:00','11:35:00','765 011 689',7),
	 ('RES202198765829S8','2021-09-08','10:47:00','11:47:00','765 055 829',8),
	 ('RES202198766483S8','2021-09-08','14:02:00','15:02:00','766 917 483',8),
	 ('RES202198770795S7','2021-09-08','15:05:00','16:05:00','770 911 795',7),
	 ('RES202198773473S3','2021-09-08','18:24:00','19:24:00','773 964 473',3),
	 ('RES202198798732S4','2021-09-08','18:50:00','19:50:00','798 906 732',4);
INSERT INTO KaraokeV3.Reserva (id_reserva,fec_reserva,hora_ini,hora_fin,telefono_cliente,num_sala) VALUES
	 ('RES202199604231S4','2021-09-09','17:12:00','18:12:00','604 235 231',4),
	 ('RES202199605856S4','2021-09-09','10:55:00','11:55:00','605 226 856',4),
	 ('RES202199614275S6','2021-09-09','09:25:00','10:25:00','614 262 275',6),
	 ('RES202199618092S6','2021-09-09','13:45:00','14:45:00','618 593 092',6),
	 ('RES202199627209S7','2021-09-09','15:50:00','16:50:00','627 744 209',7),
	 ('RES202199627999S1','2021-09-09','20:51:00','21:51:00','627 113 999',1),
	 ('RES202199637086S9','2021-09-09','16:35:00','17:35:00','637 142 086',9),
	 ('RES202199641760S7','2021-09-09','20:34:00','21:34:00','641 223 760',7),
	 ('RES202199649527S2','2021-09-09','19:55:00','20:55:00','649 877 527',2),
	 ('RES202199679723S3','2021-09-09','13:17:00','14:17:00','679 054 723',3);
INSERT INTO KaraokeV3.Reserva (id_reserva,fec_reserva,hora_ini,hora_fin,telefono_cliente,num_sala) VALUES
	 ('RES202199685075S9','2021-09-09','20:22:00','21:22:00','685 164 075',9),
	 ('RES202199693425S5','2021-09-09','16:46:00','17:46:00','693 784 425',5),
	 ('RES202199711335S1','2021-09-09','12:21:00','13:21:00','711 104 335',1),
	 ('RES202199724875S8','2021-09-09','16:36:00','17:36:00','724 074 875',8),
	 ('RES202199726160S2','2021-09-09','08:27:00','09:27:00','726 280 160',2),
	 ('RES202199727730S7','2021-09-09','08:48:00','09:48:00','727 468 730',7),
	 ('RES202199739075S9','2021-09-09','11:35:00','12:35:00','739 357 075',9),
	 ('RES202199742088S5','2021-09-09','08:45:00','09:45:00','742 269 088',5),
	 ('RES202199764887S3','2021-09-09','14:21:00','15:21:00','764 710 887',3),
	 ('RES202199798472S8','2021-09-09','17:42:00','18:42:00','798 899 472',8);

-- REGISTROS SALA
INSERT INTO KaraokeV3.Sala (num_sala,precio,tamaño) VALUES
	 (1,30.00,'grande'),
	 (2,30.00,'grande'),
	 (3,30.00,'grande'),
	 (4,20.00,'mediano'),
	 (5,20.00,'mediano'),
	 (6,20.00,'mediano'),
	 (7,10.00,'pequeño'),
	 (8,10.00,'pequeño'),
	 (9,10.00,'pequeño');
	 
-- REGISTROS VALORACION CRÍTICA
INSERT INTO KaraokeV3.ValoracionCritica (id_val,fec_val,puntuacion,comentario,telefono_cliente) VALUES
	 (1000,'2021-08-22',1,'Me siento poco a gusto.','601 473 979'),
	 (1001,'2021-08-22',2,'Estoy algo a gusto.','639 296 633'),
	 (1002,'2021-08-22',3,'Me siento bastante a gusto con el trato recibido.','614 383 135'),
	 (1003,'2021-08-22',4,'Estoy muy a gusto con el servicio prestado.','765 354 610'),
	 (1004,'2021-08-22',5,'Me siento completamente a gusto con este servicio.','732 035 196'),
	 (1005,'2021-08-22',1,'Me siento poco a gusto.','605 541 698'),
	 (1006,'2021-08-22',2,'Estoy algo a gusto.','715 633 965'),
	 (1007,'2021-08-22',3,'Me siento bastante a gusto con el trato recibido.','781 970 748'),
	 (1008,'2021-08-22',4,'Estoy muy a gusto con el servicio prestado.','648 926 567'),
	 (1009,'2021-08-22',5,'Me siento completamente a gusto con este servicio.','786 610 010');
INSERT INTO KaraokeV3.ValoracionCritica (id_val,fec_val,puntuacion,comentario,telefono_cliente) VALUES
	 (1010,'2021-08-22',1,'Me siento poco a gusto.','659 860 665'),
	 (1011,'2021-08-22',2,'Estoy algo a gusto.','742 369 578'),
	 (1012,'2021-08-22',3,'Me siento bastante a gusto con el trato recibido.','605 134 427'),
	 (1013,'2021-08-22',4,'Estoy muy a gusto con el servicio prestado.','791 843 982'),
	 (1014,'2021-08-22',5,'Me siento completamente a gusto con este servicio.','777 201 536'),
	 (1015,'2021-08-22',1,'Me siento poco a gusto.','781 999 062'),
	 (1016,'2021-08-22',2,'Estoy algo a gusto.','744 358 192'),
	 (1017,'2021-08-22',3,'Me siento bastante a gusto con el trato recibido.','657 437 206'),
	 (1018,'2021-08-22',4,'Estoy muy a gusto con el servicio prestado.','685 012 389'),
	 (1019,'2021-08-22',5,'Me siento completamente a gusto con este servicio.','756 784 132');
INSERT INTO KaraokeV3.ValoracionCritica (id_val,fec_val,puntuacion,comentario,telefono_cliente) VALUES
	 (1020,'2021-08-23',1,'Me siento poco a gusto.','745 807 038'),
	 (1021,'2021-08-23',2,'Estoy algo a gusto.','608 114 960'),
	 (1022,'2021-08-23',3,'Me siento bastante a gusto con el trato recibido.','731 894 977'),
	 (1023,'2021-08-23',4,'Estoy muy a gusto con el servicio prestado.','683 273 884'),
	 (1024,'2021-08-23',5,'Me siento completamente a gusto con este servicio.','692 577 513'),
	 (1025,'2021-08-23',1,'Me siento poco a gusto.','653 677 600'),
	 (1026,'2021-08-23',2,'Estoy algo a gusto.','608 238 286'),
	 (1027,'2021-08-23',3,'Me siento bastante a gusto con el trato recibido.','716 526 509'),
	 (1028,'2021-08-23',4,'Estoy muy a gusto con el servicio prestado.','663 622 492'),
	 (1029,'2021-08-23',5,'Me siento completamente a gusto con este servicio.','611 055 596');
INSERT INTO KaraokeV3.ValoracionCritica (id_val,fec_val,puntuacion,comentario,telefono_cliente) VALUES
	 (1030,'2021-08-23',1,'Me siento poco a gusto.','747 995 516'),
	 (1031,'2021-08-23',2,'Estoy algo a gusto.','797 326 420'),
	 (1032,'2021-08-23',3,'Me siento bastante a gusto con el trato recibido.','750 517 616'),
	 (1033,'2021-08-23',4,'Estoy muy a gusto con el servicio prestado.','609 407 982'),
	 (1034,'2021-08-23',5,'Me siento completamente a gusto con este servicio.','664 971 878'),
	 (1035,'2021-08-23',1,'Me siento poco a gusto.','628 187 753'),
	 (1036,'2021-08-23',2,'Estoy algo a gusto.','615 764 491'),
	 (1037,'2021-08-23',3,'Me siento bastante a gusto con el trato recibido.','675 590 360'),
	 (1038,'2021-08-23',4,'Estoy muy a gusto con el servicio prestado.','758 556 772'),
	 (1039,'2021-08-23',5,'Me siento completamente a gusto con este servicio.','686 782 216');
INSERT INTO KaraokeV3.ValoracionCritica (id_val,fec_val,puntuacion,comentario,telefono_cliente) VALUES
	 (1040,'2021-08-24',1,'Me siento poco a gusto.','771 945 285'),
	 (1041,'2021-08-24',2,'Estoy algo a gusto.','753 366 150'),
	 (1042,'2021-08-24',3,'Me siento bastante a gusto con el trato recibido.','632 439 148'),
	 (1043,'2021-08-24',4,'Estoy muy a gusto con el servicio prestado.','751 664 943'),
	 (1044,'2021-08-24',5,'Me siento completamente a gusto con este servicio.','624 344 757'),
	 (1045,'2021-08-24',1,'Me siento poco a gusto.','721 130 029'),
	 (1046,'2021-08-24',2,'Estoy algo a gusto.','776 078 927'),
	 (1047,'2021-08-24',3,'Me siento bastante a gusto con el trato recibido.','756 582 235'),
	 (1048,'2021-08-24',4,'Estoy muy a gusto con el servicio prestado.','774 657 173'),
	 (1049,'2021-08-24',5,'Me siento completamente a gusto con este servicio.','686 832 481');
INSERT INTO KaraokeV3.ValoracionCritica (id_val,fec_val,puntuacion,comentario,telefono_cliente) VALUES
	 (1050,'2021-08-24',1,'Me siento poco a gusto.','797 963 699'),
	 (1051,'2021-08-24',2,'Estoy algo a gusto.','783 162 280'),
	 (1052,'2021-08-24',3,'Me siento bastante a gusto con el trato recibido.','650 352 483'),
	 (1053,'2021-08-24',4,'Estoy muy a gusto con el servicio prestado.','654 466 772'),
	 (1054,'2021-08-24',5,'Me siento completamente a gusto con este servicio.','750 217 881'),
	 (1055,'2021-08-24',1,'Me siento poco a gusto.','641 653 983'),
	 (1056,'2021-08-24',2,'Estoy algo a gusto.','644 235 735'),
	 (1057,'2021-08-24',3,'Me siento bastante a gusto con el trato recibido.','608 060 397'),
	 (1058,'2021-08-24',4,'Estoy muy a gusto con el servicio prestado.','718 590 244'),
	 (1059,'2021-08-24',5,'Me siento completamente a gusto con este servicio.','740 773 817');
INSERT INTO KaraokeV3.ValoracionCritica (id_val,fec_val,puntuacion,comentario,telefono_cliente) VALUES
	 (1060,'2021-08-25',1,'Me siento poco a gusto.','733 183 755'),
	 (1061,'2021-08-25',2,'Estoy algo a gusto.','739 812 796'),
	 (1062,'2021-08-25',3,'Me siento bastante a gusto con el trato recibido.','672 066 537'),
	 (1063,'2021-08-25',4,'Estoy muy a gusto con el servicio prestado.','605 112 874'),
	 (1064,'2021-08-25',5,'Me siento completamente a gusto con este servicio.','613 990 314'),
	 (1065,'2021-08-25',1,'Me siento poco a gusto.','673 329 001'),
	 (1066,'2021-08-25',2,'Estoy algo a gusto.','668 767 679'),
	 (1067,'2021-08-25',3,'Me siento bastante a gusto con el trato recibido.','723 907 603'),
	 (1068,'2021-08-25',4,'Estoy muy a gusto con el servicio prestado.','699 624 795'),
	 (1069,'2021-08-25',5,'Me siento completamente a gusto con este servicio.','692 597 506');
INSERT INTO KaraokeV3.ValoracionCritica (id_val,fec_val,puntuacion,comentario,telefono_cliente) VALUES
	 (1070,'2021-08-25',1,'Me siento poco a gusto.','653 598 486'),
	 (1071,'2021-08-25',2,'Estoy algo a gusto.','610 645 076'),
	 (1072,'2021-08-25',3,'Me siento bastante a gusto con el trato recibido.','695 371 563'),
	 (1073,'2021-08-25',4,'Estoy muy a gusto con el servicio prestado.','646 703 662'),
	 (1074,'2021-08-25',5,'Me siento completamente a gusto con este servicio.','781 707 567'),
	 (1075,'2021-08-25',1,'Me siento poco a gusto.','791 686 196'),
	 (1076,'2021-08-25',2,'Estoy algo a gusto.','719 305 683'),
	 (1077,'2021-08-25',3,'Me siento bastante a gusto con el trato recibido.','625 594 523'),
	 (1078,'2021-08-25',4,'Estoy muy a gusto con el servicio prestado.','787 763 058'),
	 (1079,'2021-08-25',5,'Me siento completamente a gusto con este servicio.','635 614 277');
INSERT INTO KaraokeV3.ValoracionCritica (id_val,fec_val,puntuacion,comentario,telefono_cliente) VALUES
	 (1080,'2021-08-26',1,'Me siento poco a gusto.','764 891 691'),
	 (1081,'2021-08-26',2,'Estoy algo a gusto.','795 147 002'),
	 (1082,'2021-08-26',3,'Me siento bastante a gusto con el trato recibido.','678 015 019'),
	 (1083,'2021-08-26',4,'Estoy muy a gusto con el servicio prestado.','639 667 698'),
	 (1084,'2021-08-26',5,'Me siento completamente a gusto con este servicio.','734 428 375'),
	 (1085,'2021-08-26',1,'Me siento poco a gusto.','692 477 700'),
	 (1086,'2021-08-26',2,'Estoy algo a gusto.','792 446 496'),
	 (1087,'2021-08-26',3,'Me siento bastante a gusto con el trato recibido.','620 244 369'),
	 (1088,'2021-08-26',4,'Estoy muy a gusto con el servicio prestado.','648 738 040'),
	 (1089,'2021-08-26',5,'Me siento completamente a gusto con este servicio.','739 010 019');
INSERT INTO KaraokeV3.ValoracionCritica (id_val,fec_val,puntuacion,comentario,telefono_cliente) VALUES
	 (1090,'2021-08-26',1,'Me siento poco a gusto.','757 446 846'),
	 (1091,'2021-08-26',2,'Estoy algo a gusto.','652 492 952'),
	 (1092,'2021-08-26',3,'Me siento bastante a gusto con el trato recibido.','610 832 778'),
	 (1093,'2021-08-26',4,'Estoy muy a gusto con el servicio prestado.','729 090 390'),
	 (1094,'2021-08-26',5,'Me siento completamente a gusto con este servicio.','676 993 397'),
	 (1095,'2021-08-26',1,'Me siento poco a gusto.','671 612 860'),
	 (1096,'2021-08-26',2,'Estoy algo a gusto.','684 051 296'),
	 (1097,'2021-08-26',3,'Me siento bastante a gusto con el trato recibido.','757 026 813'),
	 (1098,'2021-08-26',4,'Estoy muy a gusto con el servicio prestado.','608 259 388'),
	 (1099,'2021-08-26',5,'Me siento completamente a gusto con este servicio.','655 706 431');
INSERT INTO KaraokeV3.ValoracionCritica (id_val,fec_val,puntuacion,comentario,telefono_cliente) VALUES
	 (1100,'2021-08-27',1,'Me siento poco a gusto.','753 018 505'),
	 (1101,'2021-08-27',2,'Estoy algo a gusto.','618 111 241'),
	 (1102,'2021-08-27',3,'Me siento bastante a gusto con el trato recibido.','676 945 630'),
	 (1103,'2021-08-27',4,'Estoy muy a gusto con el servicio prestado.','627 313 885'),
	 (1104,'2021-08-27',5,'Me siento completamente a gusto con este servicio.','605 673 421'),
	 (1105,'2021-08-27',1,'Me siento poco a gusto.','633 695 466'),
	 (1106,'2021-08-27',2,'Estoy algo a gusto.','647 950 476'),
	 (1107,'2021-08-27',3,'Me siento bastante a gusto con el trato recibido.','650 693 352'),
	 (1108,'2021-08-27',4,'Estoy muy a gusto con el servicio prestado.','656 615 570'),
	 (1109,'2021-08-27',5,'Me siento completamente a gusto con este servicio.','757 773 829');
INSERT INTO KaraokeV3.ValoracionCritica (id_val,fec_val,puntuacion,comentario,telefono_cliente) VALUES
	 (1110,'2021-08-27',1,'Me siento poco a gusto.','628 422 871'),
	 (1111,'2021-08-27',2,'Estoy algo a gusto.','674 232 901'),
	 (1112,'2021-08-27',3,'Me siento bastante a gusto con el trato recibido.','758 306 744'),
	 (1113,'2021-08-27',4,'Estoy muy a gusto con el servicio prestado.','690 112 051'),
	 (1114,'2021-08-27',5,'Me siento completamente a gusto con este servicio.','736 275 183'),
	 (1115,'2021-08-27',1,'Me siento poco a gusto.','750 072 262'),
	 (1116,'2021-08-27',2,'Estoy algo a gusto.','747 275 716'),
	 (1117,'2021-08-27',3,'Me siento bastante a gusto con el trato recibido.','680 161 987'),
	 (1118,'2021-08-27',4,'Estoy muy a gusto con el servicio prestado.','639 239 511'),
	 (1119,'2021-08-27',5,'Me siento completamente a gusto con este servicio.','656 541 675');
INSERT INTO KaraokeV3.ValoracionCritica (id_val,fec_val,puntuacion,comentario,telefono_cliente) VALUES
	 (1120,'2021-08-28',1,'Me siento poco a gusto.','721 188 971'),
	 (1121,'2021-08-28',2,'Estoy algo a gusto.','723 768 833'),
	 (1122,'2021-08-28',3,'Me siento bastante a gusto con el trato recibido.','697 015 532'),
	 (1123,'2021-08-28',4,'Estoy muy a gusto con el servicio prestado.','671 281 936'),
	 (1124,'2021-08-28',5,'Me siento completamente a gusto con este servicio.','799 815 243'),
	 (1125,'2021-08-28',1,'Me siento poco a gusto.','763 135 954'),
	 (1126,'2021-08-28',2,'Estoy algo a gusto.','633 192 897'),
	 (1127,'2021-08-28',3,'Me siento bastante a gusto con el trato recibido.','796 013 909'),
	 (1128,'2021-08-28',4,'Estoy muy a gusto con el servicio prestado.','792 936 730'),
	 (1129,'2021-08-28',5,'Me siento completamente a gusto con este servicio.','732 962 471');
INSERT INTO KaraokeV3.ValoracionCritica (id_val,fec_val,puntuacion,comentario,telefono_cliente) VALUES
	 (1130,'2021-08-28',1,'Me siento poco a gusto.','767 256 959'),
	 (1131,'2021-08-28',2,'Estoy algo a gusto.','660 165 940'),
	 (1132,'2021-08-28',3,'Me siento bastante a gusto con el trato recibido.','760 208 073'),
	 (1133,'2021-08-28',4,'Estoy muy a gusto con el servicio prestado.','630 346 540'),
	 (1134,'2021-08-28',5,'Me siento completamente a gusto con este servicio.','769 732 268'),
	 (1135,'2021-08-28',1,'Me siento poco a gusto.','748 932 572'),
	 (1136,'2021-08-28',2,'Estoy algo a gusto.','638 415 776'),
	 (1137,'2021-08-28',3,'Me siento bastante a gusto con el trato recibido.','775 693 362'),
	 (1138,'2021-08-28',4,'Estoy muy a gusto con el servicio prestado.','641 346 213'),
	 (1139,'2021-08-28',5,'Me siento completamente a gusto con este servicio.','637 567 811');
INSERT INTO KaraokeV3.ValoracionCritica (id_val,fec_val,puntuacion,comentario,telefono_cliente) VALUES
	 (1140,'2021-08-29',1,'Me siento poco a gusto.','750 837 799'),
	 (1141,'2021-08-29',2,'Estoy algo a gusto.','784 119 301'),
	 (1142,'2021-08-29',3,'Me siento bastante a gusto con el trato recibido.','640 645 058'),
	 (1143,'2021-08-29',4,'Estoy muy a gusto con el servicio prestado.','694 471 122'),
	 (1144,'2021-08-29',5,'Me siento completamente a gusto con este servicio.','757 685 250'),
	 (1145,'2021-08-29',1,'Me siento poco a gusto.','618 100 343'),
	 (1146,'2021-08-29',2,'Estoy algo a gusto.','646 239 332'),
	 (1147,'2021-08-29',3,'Me siento bastante a gusto con el trato recibido.','736 838 438'),
	 (1148,'2021-08-29',4,'Estoy muy a gusto con el servicio prestado.','609 826 358'),
	 (1149,'2021-08-29',5,'Me siento completamente a gusto con este servicio.','617 691 676');
INSERT INTO KaraokeV3.ValoracionCritica (id_val,fec_val,puntuacion,comentario,telefono_cliente) VALUES
	 (1150,'2021-08-29',1,'Me siento poco a gusto.','625 762 598'),
	 (1151,'2021-08-29',2,'Estoy algo a gusto.','798 331 821'),
	 (1152,'2021-08-29',3,'Me siento bastante a gusto con el trato recibido.','676 317 320'),
	 (1153,'2021-08-29',4,'Estoy muy a gusto con el servicio prestado.','720 672 123'),
	 (1154,'2021-08-29',5,'Me siento completamente a gusto con este servicio.','781 136 976'),
	 (1155,'2021-08-29',1,'Me siento poco a gusto.','628 532 384'),
	 (1156,'2021-08-29',2,'Estoy algo a gusto.','694 220 092'),
	 (1157,'2021-08-29',3,'Me siento bastante a gusto con el trato recibido.','742 151 893'),
	 (1158,'2021-08-29',4,'Estoy muy a gusto con el servicio prestado.','644 805 227'),
	 (1159,'2021-08-29',5,'Me siento completamente a gusto con este servicio.','710 259 628');
INSERT INTO KaraokeV3.ValoracionCritica (id_val,fec_val,puntuacion,comentario,telefono_cliente) VALUES
	 (1160,'2021-08-30',1,'Me siento poco a gusto.','697 508 582'),
	 (1161,'2021-08-30',2,'Estoy algo a gusto.','762 498 138'),
	 (1162,'2021-08-30',3,'Me siento bastante a gusto con el trato recibido.','770 780 918'),
	 (1163,'2021-08-30',4,'Estoy muy a gusto con el servicio prestado.','695 911 142'),
	 (1164,'2021-08-30',5,'Me siento completamente a gusto con este servicio.','743 168 652'),
	 (1165,'2021-08-30',1,'Me siento poco a gusto.','602 835 917'),
	 (1166,'2021-08-30',2,'Estoy algo a gusto.','755 181 801'),
	 (1167,'2021-08-30',3,'Me siento bastante a gusto con el trato recibido.','696 440 416'),
	 (1168,'2021-08-30',4,'Estoy muy a gusto con el servicio prestado.','638 310 099'),
	 (1169,'2021-08-30',5,'Me siento completamente a gusto con este servicio.','667 350 963');
INSERT INTO KaraokeV3.ValoracionCritica (id_val,fec_val,puntuacion,comentario,telefono_cliente) VALUES
	 (1170,'2021-08-30',1,'Me siento poco a gusto.','723 358 432'),
	 (1171,'2021-08-30',2,'Estoy algo a gusto.','781 605 022'),
	 (1172,'2021-08-30',3,'Me siento bastante a gusto con el trato recibido.','669 814 536'),
	 (1173,'2021-08-30',4,'Estoy muy a gusto con el servicio prestado.','721 247 572'),
	 (1174,'2021-08-30',5,'Me siento completamente a gusto con este servicio.','619 806 169'),
	 (1175,'2021-08-30',1,'Me siento poco a gusto.','660 837 076'),
	 (1176,'2021-08-30',2,'Estoy algo a gusto.','772 814 694'),
	 (1177,'2021-08-30',3,'Me siento bastante a gusto con el trato recibido.','690 373 092'),
	 (1178,'2021-08-30',4,'Estoy muy a gusto con el servicio prestado.','780 376 272'),
	 (1179,'2021-08-30',5,'Me siento completamente a gusto con este servicio.','679 584 921');
INSERT INTO KaraokeV3.ValoracionCritica (id_val,fec_val,puntuacion,comentario,telefono_cliente) VALUES
	 (1180,'2021-08-31',1,'Me siento poco a gusto.','647 222 095'),
	 (1181,'2021-08-31',2,'Estoy algo a gusto.','634 747 115'),
	 (1182,'2021-08-31',3,'Me siento bastante a gusto con el trato recibido.','635 639 699'),
	 (1183,'2021-08-31',4,'Estoy muy a gusto con el servicio prestado.','781 930 369'),
	 (1184,'2021-08-31',5,'Me siento completamente a gusto con este servicio.','769 284 093'),
	 (1185,'2021-08-31',1,'Me siento poco a gusto.','613 587 724'),
	 (1186,'2021-08-31',2,'Estoy algo a gusto.','685 013 640'),
	 (1187,'2021-08-31',3,'Me siento bastante a gusto con el trato recibido.','674 048 002'),
	 (1188,'2021-08-31',4,'Estoy muy a gusto con el servicio prestado.','795 201 877'),
	 (1189,'2021-08-31',5,'Me siento completamente a gusto con este servicio.','723 157 016');
INSERT INTO KaraokeV3.ValoracionCritica (id_val,fec_val,puntuacion,comentario,telefono_cliente) VALUES
	 (1190,'2021-08-31',1,'Me siento poco a gusto.','739 269 977'),
	 (1191,'2021-08-31',2,'Estoy algo a gusto.','719 465 830'),
	 (1192,'2021-08-31',3,'Me siento bastante a gusto con el trato recibido.','757 619 148'),
	 (1193,'2021-08-31',4,'Estoy muy a gusto con el servicio prestado.','721 079 483'),
	 (1194,'2021-08-31',5,'Me siento completamente a gusto con este servicio.','764 290 587'),
	 (1195,'2021-08-31',1,'Me siento poco a gusto.','756 988 510'),
	 (1196,'2021-08-31',2,'Estoy algo a gusto.','745 333 325'),
	 (1197,'2021-08-31',3,'Me siento bastante a gusto con el trato recibido.','715 687 636'),
	 (1198,'2021-08-31',4,'Estoy muy a gusto con el servicio prestado.','667 277 259'),
	 (1199,'2021-08-31',5,'Me siento completamente a gusto con este servicio.','751 504 793');
INSERT INTO KaraokeV3.ValoracionCritica (id_val,fec_val,puntuacion,comentario,telefono_cliente) VALUES
	 (1200,'2021-09-01',1,'Me siento poco a gusto.','619 292 131'),
	 (1201,'2021-09-01',2,'Estoy algo a gusto.','785 670 029'),
	 (1202,'2021-09-01',3,'Me siento bastante a gusto con el trato recibido.','770 449 564'),
	 (1203,'2021-09-01',4,'Estoy muy a gusto con el servicio prestado.','797 504 028'),
	 (1204,'2021-09-01',5,'Me siento completamente a gusto con este servicio.','788 150 236'),
	 (1205,'2021-09-01',1,'Me siento poco a gusto.','655 273 292'),
	 (1206,'2021-09-01',2,'Estoy algo a gusto.','749 325 278'),
	 (1207,'2021-09-01',3,'Me siento bastante a gusto con el trato recibido.','718 835 032'),
	 (1208,'2021-09-01',4,'Estoy muy a gusto con el servicio prestado.','628 228 090'),
	 (1209,'2021-09-01',5,'Me siento completamente a gusto con este servicio.','616 517 602');
INSERT INTO KaraokeV3.ValoracionCritica (id_val,fec_val,puntuacion,comentario,telefono_cliente) VALUES
	 (1210,'2021-09-01',1,'Me siento poco a gusto.','652 744 157'),
	 (1211,'2021-09-01',2,'Estoy algo a gusto.','794 875 936'),
	 (1212,'2021-09-01',3,'Me siento bastante a gusto con el trato recibido.','710 272 089'),
	 (1213,'2021-09-01',4,'Estoy muy a gusto con el servicio prestado.','718 872 289'),
	 (1214,'2021-09-01',5,'Me siento completamente a gusto con este servicio.','737 515 252'),
	 (1215,'2021-09-01',1,'Me siento poco a gusto.','661 061 718'),
	 (1216,'2021-09-01',2,'Estoy algo a gusto.','736 044 252'),
	 (1217,'2021-09-01',3,'Me siento bastante a gusto con el trato recibido.','601 803 836'),
	 (1218,'2021-09-01',4,'Estoy muy a gusto con el servicio prestado.','719 824 631'),
	 (1219,'2021-09-01',5,'Me siento completamente a gusto con este servicio.','730 983 549');
INSERT INTO KaraokeV3.ValoracionCritica (id_val,fec_val,puntuacion,comentario,telefono_cliente) VALUES
	 (1220,'2021-09-02',1,'Me siento poco a gusto.','796 466 447'),
	 (1221,'2021-09-02',2,'Estoy algo a gusto.','758 990 624'),
	 (1222,'2021-09-02',3,'Me siento bastante a gusto con el trato recibido.','799 541 427'),
	 (1223,'2021-09-02',4,'Estoy muy a gusto con el servicio prestado.','757 133 009'),
	 (1224,'2021-09-02',5,'Me siento completamente a gusto con este servicio.','786 248 953'),
	 (1225,'2021-09-02',1,'Me siento poco a gusto.','627 926 677'),
	 (1226,'2021-09-02',2,'Estoy algo a gusto.','729 788 308'),
	 (1227,'2021-09-02',3,'Me siento bastante a gusto con el trato recibido.','671 042 907'),
	 (1228,'2021-09-02',4,'Estoy muy a gusto con el servicio prestado.','679 693 037'),
	 (1229,'2021-09-02',5,'Me siento completamente a gusto con este servicio.','602 131 004');
INSERT INTO KaraokeV3.ValoracionCritica (id_val,fec_val,puntuacion,comentario,telefono_cliente) VALUES
	 (1230,'2021-09-02',1,'Me siento poco a gusto.','797 134 632'),
	 (1231,'2021-09-02',2,'Estoy algo a gusto.','725 835 961'),
	 (1232,'2021-09-02',3,'Me siento bastante a gusto con el trato recibido.','749 590 049'),
	 (1233,'2021-09-02',4,'Estoy muy a gusto con el servicio prestado.','710 602 279'),
	 (1234,'2021-09-02',5,'Me siento completamente a gusto con este servicio.','623 520 955'),
	 (1235,'2021-09-02',1,'Me siento poco a gusto.','723 085 986'),
	 (1236,'2021-09-02',2,'Estoy algo a gusto.','795 448 620'),
	 (1237,'2021-09-02',3,'Me siento bastante a gusto con el trato recibido.','723 570 255'),
	 (1238,'2021-09-02',4,'Estoy muy a gusto con el servicio prestado.','654 760 397'),
	 (1239,'2021-09-02',5,'Me siento completamente a gusto con este servicio.','737 167 517');
INSERT INTO KaraokeV3.ValoracionCritica (id_val,fec_val,puntuacion,comentario,telefono_cliente) VALUES
	 (1240,'2021-09-03',1,'Me siento poco a gusto.','652 653 951'),
	 (1241,'2021-09-03',2,'Estoy algo a gusto.','698 214 093'),
	 (1242,'2021-09-03',3,'Me siento bastante a gusto con el trato recibido.','659 647 215'),
	 (1243,'2021-09-03',4,'Estoy muy a gusto con el servicio prestado.','696 389 340'),
	 (1244,'2021-09-03',5,'Me siento completamente a gusto con este servicio.','718 230 414'),
	 (1245,'2021-09-03',1,'Me siento poco a gusto.','789 621 202'),
	 (1246,'2021-09-03',2,'Estoy algo a gusto.','656 597 158'),
	 (1247,'2021-09-03',3,'Me siento bastante a gusto con el trato recibido.','600 363 547'),
	 (1248,'2021-09-03',4,'Estoy muy a gusto con el servicio prestado.','799 786 135'),
	 (1249,'2021-09-03',5,'Me siento completamente a gusto con este servicio.','631 199 493');
INSERT INTO KaraokeV3.ValoracionCritica (id_val,fec_val,puntuacion,comentario,telefono_cliente) VALUES
	 (1250,'2021-09-03',1,'Me siento poco a gusto.','668 369 899'),
	 (1251,'2021-09-03',2,'Estoy algo a gusto.','776 143 349'),
	 (1252,'2021-09-03',3,'Me siento bastante a gusto con el trato recibido.','604 289 957'),
	 (1253,'2021-09-03',4,'Estoy muy a gusto con el servicio prestado.','737 637 763'),
	 (1254,'2021-09-03',5,'Me siento completamente a gusto con este servicio.','656 546 689'),
	 (1255,'2021-09-03',1,'Me siento poco a gusto.','726 368 198'),
	 (1256,'2021-09-03',2,'Estoy algo a gusto.','656 744 427'),
	 (1257,'2021-09-03',3,'Me siento bastante a gusto con el trato recibido.','779 227 829'),
	 (1258,'2021-09-03',4,'Estoy muy a gusto con el servicio prestado.','681 950 716'),
	 (1259,'2021-09-03',5,'Me siento completamente a gusto con este servicio.','669 924 131');
INSERT INTO KaraokeV3.ValoracionCritica (id_val,fec_val,puntuacion,comentario,telefono_cliente) VALUES
	 (1260,'2021-09-04',1,'Me siento poco a gusto.','799 294 432'),
	 (1261,'2021-09-04',2,'Estoy algo a gusto.','688 170 288'),
	 (1262,'2021-09-04',3,'Me siento bastante a gusto con el trato recibido.','622 706 015'),
	 (1263,'2021-09-04',4,'Estoy muy a gusto con el servicio prestado.','656 712 035'),
	 (1264,'2021-09-04',5,'Me siento completamente a gusto con este servicio.','747 392 587'),
	 (1265,'2021-09-04',1,'Me siento poco a gusto.','713 460 420'),
	 (1266,'2021-09-04',2,'Estoy algo a gusto.','776 168 914'),
	 (1267,'2021-09-04',3,'Me siento bastante a gusto con el trato recibido.','605 698 018'),
	 (1268,'2021-09-04',4,'Estoy muy a gusto con el servicio prestado.','766 674 683'),
	 (1269,'2021-09-04',5,'Me siento completamente a gusto con este servicio.','723 502 047');
INSERT INTO KaraokeV3.ValoracionCritica (id_val,fec_val,puntuacion,comentario,telefono_cliente) VALUES
	 (1270,'2021-09-04',1,'Me siento poco a gusto.','769 027 579'),
	 (1271,'2021-09-04',2,'Estoy algo a gusto.','792 509 526'),
	 (1272,'2021-09-04',3,'Me siento bastante a gusto con el trato recibido.','680 164 548'),
	 (1273,'2021-09-04',4,'Estoy muy a gusto con el servicio prestado.','772 671 741'),
	 (1274,'2021-09-04',5,'Me siento completamente a gusto con este servicio.','720 820 325'),
	 (1275,'2021-09-04',1,'Me siento poco a gusto.','686 654 170'),
	 (1276,'2021-09-04',2,'Estoy algo a gusto.','740 061 555'),
	 (1277,'2021-09-04',3,'Me siento bastante a gusto con el trato recibido.','695 539 678'),
	 (1278,'2021-09-04',4,'Estoy muy a gusto con el servicio prestado.','630 785 073'),
	 (1279,'2021-09-04',5,'Me siento completamente a gusto con este servicio.','615 525 519');
INSERT INTO KaraokeV3.ValoracionCritica (id_val,fec_val,puntuacion,comentario,telefono_cliente) VALUES
	 (1280,'2021-09-05',1,'Me siento poco a gusto.','773 807 059'),
	 (1281,'2021-09-05',2,'Estoy algo a gusto.','777 621 438'),
	 (1282,'2021-09-05',3,'Me siento bastante a gusto con el trato recibido.','746 042 263'),
	 (1283,'2021-09-05',4,'Estoy muy a gusto con el servicio prestado.','790 330 469'),
	 (1284,'2021-09-05',5,'Me siento completamente a gusto con este servicio.','787 889 870'),
	 (1285,'2021-09-05',1,'Me siento poco a gusto.','679 696 031'),
	 (1286,'2021-09-05',2,'Estoy algo a gusto.','645 281 165'),
	 (1287,'2021-09-05',3,'Me siento bastante a gusto con el trato recibido.','789 715 357'),
	 (1288,'2021-09-05',4,'Estoy muy a gusto con el servicio prestado.','727 157 517'),
	 (1289,'2021-09-05',5,'Me siento completamente a gusto con este servicio.','792 752 309');
INSERT INTO KaraokeV3.ValoracionCritica (id_val,fec_val,puntuacion,comentario,telefono_cliente) VALUES
	 (1290,'2021-09-05',1,'Me siento poco a gusto.','755 206 511'),
	 (1291,'2021-09-05',2,'Estoy algo a gusto.','786 380 140'),
	 (1292,'2021-09-05',3,'Me siento bastante a gusto con el trato recibido.','727 041 120'),
	 (1293,'2021-09-05',4,'Estoy muy a gusto con el servicio prestado.','795 684 202'),
	 (1294,'2021-09-05',5,'Me siento completamente a gusto con este servicio.','720 652 771'),
	 (1295,'2021-09-05',1,'Me siento poco a gusto.','604 184 846'),
	 (1296,'2021-09-05',2,'Estoy algo a gusto.','763 035 453'),
	 (1297,'2021-09-05',3,'Me siento bastante a gusto con el trato recibido.','606 991 863'),
	 (1298,'2021-09-05',4,'Estoy muy a gusto con el servicio prestado.','729 681 038'),
	 (1299,'2021-09-05',5,'Me siento completamente a gusto con este servicio.','620 528 390');
INSERT INTO KaraokeV3.ValoracionCritica (id_val,fec_val,puntuacion,comentario,telefono_cliente) VALUES
	 (1300,'2021-09-06',1,'Me siento poco a gusto.','740 630 856'),
	 (1301,'2021-09-06',2,'Estoy algo a gusto.','656 088 878'),
	 (1302,'2021-09-06',3,'Me siento bastante a gusto con el trato recibido.','622 579 322'),
	 (1303,'2021-09-06',4,'Estoy muy a gusto con el servicio prestado.','668 370 849'),
	 (1304,'2021-09-06',5,'Me siento completamente a gusto con este servicio.','638 585 418'),
	 (1305,'2021-09-06',1,'Me siento poco a gusto.','621 194 735'),
	 (1306,'2021-09-06',2,'Estoy algo a gusto.','748 802 296'),
	 (1307,'2021-09-06',3,'Me siento bastante a gusto con el trato recibido.','710 050 104'),
	 (1308,'2021-09-06',4,'Estoy muy a gusto con el servicio prestado.','761 041 835'),
	 (1309,'2021-09-06',5,'Me siento completamente a gusto con este servicio.','757 152 512');
INSERT INTO KaraokeV3.ValoracionCritica (id_val,fec_val,puntuacion,comentario,telefono_cliente) VALUES
	 (1310,'2021-09-06',1,'Me siento poco a gusto.','713 412 835'),
	 (1311,'2021-09-06',2,'Estoy algo a gusto.','739 690 821'),
	 (1312,'2021-09-06',3,'Me siento bastante a gusto con el trato recibido.','698 499 368'),
	 (1313,'2021-09-06',4,'Estoy muy a gusto con el servicio prestado.','638 539 434'),
	 (1314,'2021-09-06',5,'Me siento completamente a gusto con este servicio.','756 918 590'),
	 (1315,'2021-09-06',1,'Me siento poco a gusto.','607 732 917'),
	 (1316,'2021-09-06',2,'Estoy algo a gusto.','731 684 316'),
	 (1317,'2021-09-06',3,'Me siento bastante a gusto con el trato recibido.','740 870 664'),
	 (1318,'2021-09-06',4,'Estoy muy a gusto con el servicio prestado.','751 186 797'),
	 (1319,'2021-09-06',5,'Me siento completamente a gusto con este servicio.','774 428 273');
INSERT INTO KaraokeV3.ValoracionCritica (id_val,fec_val,puntuacion,comentario,telefono_cliente) VALUES
	 (1320,'2021-09-07',1,'Me siento poco a gusto.','712 088 413'),
	 (1321,'2021-09-07',2,'Estoy algo a gusto.','797 584 192'),
	 (1322,'2021-09-07',3,'Me siento bastante a gusto con el trato recibido.','671 043 431'),
	 (1323,'2021-09-07',4,'Estoy muy a gusto con el servicio prestado.','663 475 596'),
	 (1324,'2021-09-07',5,'Me siento completamente a gusto con este servicio.','623 334 116'),
	 (1325,'2021-09-07',1,'Me siento poco a gusto.','729 942 541'),
	 (1326,'2021-09-07',2,'Estoy algo a gusto.','655 676 861'),
	 (1327,'2021-09-07',3,'Me siento bastante a gusto con el trato recibido.','782 433 519'),
	 (1328,'2021-09-07',4,'Estoy muy a gusto con el servicio prestado.','737 506 176'),
	 (1329,'2021-09-07',5,'Me siento completamente a gusto con este servicio.','620 980 110');
INSERT INTO KaraokeV3.ValoracionCritica (id_val,fec_val,puntuacion,comentario,telefono_cliente) VALUES
	 (1330,'2021-09-07',1,'Me siento poco a gusto.','714 948 521'),
	 (1331,'2021-09-07',2,'Estoy algo a gusto.','768 362 923'),
	 (1332,'2021-09-07',3,'Me siento bastante a gusto con el trato recibido.','678 130 193'),
	 (1333,'2021-09-07',4,'Estoy muy a gusto con el servicio prestado.','714 951 375'),
	 (1334,'2021-09-07',5,'Me siento completamente a gusto con este servicio.','770 415 322'),
	 (1335,'2021-09-07',1,'Me siento poco a gusto.','775 285 321'),
	 (1336,'2021-09-07',2,'Estoy algo a gusto.','623 744 130'),
	 (1337,'2021-09-07',3,'Me siento bastante a gusto con el trato recibido.','626 600 816'),
	 (1338,'2021-09-07',4,'Estoy muy a gusto con el servicio prestado.','718 108 253'),
	 (1339,'2021-09-07',5,'Me siento completamente a gusto con este servicio.','756 387 325');
INSERT INTO KaraokeV3.ValoracionCritica (id_val,fec_val,puntuacion,comentario,telefono_cliente) VALUES
	 (1340,'2021-09-08',1,'Me siento poco a gusto.','714 109 071'),
	 (1341,'2021-09-08',2,'Estoy algo a gusto.','798 906 732'),
	 (1342,'2021-09-08',3,'Me siento bastante a gusto con el trato recibido.','765 011 689'),
	 (1343,'2021-09-08',4,'Estoy muy a gusto con el servicio prestado.','628 090 705'),
	 (1344,'2021-09-08',5,'Me siento completamente a gusto con este servicio.','662 042 782'),
	 (1345,'2021-09-08',1,'Me siento poco a gusto.','601 938 200'),
	 (1346,'2021-09-08',2,'Estoy algo a gusto.','664 686 407'),
	 (1347,'2021-09-08',3,'Me siento bastante a gusto con el trato recibido.','741 334 782'),
	 (1348,'2021-09-08',4,'Estoy muy a gusto con el servicio prestado.','765 055 829'),
	 (1349,'2021-09-08',5,'Me siento completamente a gusto con este servicio.','678 152 701');
INSERT INTO KaraokeV3.ValoracionCritica (id_val,fec_val,puntuacion,comentario,telefono_cliente) VALUES
	 (1350,'2021-09-08',1,'Me siento poco a gusto.','623 736 097'),
	 (1351,'2021-09-08',2,'Estoy algo a gusto.','770 911 795'),
	 (1352,'2021-09-08',3,'Me siento bastante a gusto con el trato recibido.','605 098 729'),
	 (1353,'2021-09-08',4,'Estoy muy a gusto con el servicio prestado.','655 293 068'),
	 (1354,'2021-09-08',5,'Me siento completamente a gusto con este servicio.','715 543 842'),
	 (1355,'2021-09-08',1,'Me siento poco a gusto.','688 473 692'),
	 (1356,'2021-09-08',2,'Estoy algo a gusto.','773 964 473'),
	 (1357,'2021-09-08',3,'Me siento bastante a gusto con el trato recibido.','766 917 483'),
	 (1358,'2021-09-08',4,'Estoy muy a gusto con el servicio prestado.','606 049 065'),
	 (1359,'2021-09-08',5,'Me siento completamente a gusto con este servicio.','711 191 347');
INSERT INTO KaraokeV3.ValoracionCritica (id_val,fec_val,puntuacion,comentario,telefono_cliente) VALUES
	 (1360,'2021-09-09',1,'Me siento poco a gusto.','641 223 760'),
	 (1361,'2021-09-09',2,'Estoy algo a gusto.','739 357 075'),
	 (1362,'2021-09-09',3,'Me siento bastante a gusto con el trato recibido.','726 280 160'),
	 (1363,'2021-09-09',4,'Estoy muy a gusto con el servicio prestado.','618 593 092'),
	 (1364,'2021-09-09',5,'Me siento completamente a gusto con este servicio.','693 784 425'),
	 (1365,'2021-09-09',1,'Me siento poco a gusto.','764 710 887'),
	 (1366,'2021-09-09',2,'Estoy algo a gusto.','724 074 875'),
	 (1367,'2021-09-09',3,'Me siento bastante a gusto con el trato recibido.','627 113 999'),
	 (1368,'2021-09-09',4,'Estoy muy a gusto con el servicio prestado.','605 226 856'),
	 (1369,'2021-09-09',5,'Me siento completamente a gusto con este servicio.','727 468 730');
INSERT INTO KaraokeV3.ValoracionCritica (id_val,fec_val,puntuacion,comentario,telefono_cliente) VALUES
	 (1370,'2021-09-09',1,'Me siento poco a gusto.','685 164 075'),
	 (1371,'2021-09-09',2,'Estoy algo a gusto.','649 877 527'),
	 (1372,'2021-09-09',3,'Me siento bastante a gusto con el trato recibido.','614 262 275'),
	 (1373,'2021-09-09',4,'Estoy muy a gusto con el servicio prestado.','742 269 088'),
	 (1374,'2021-09-09',5,'Me siento completamente a gusto con este servicio.','679 054 723'),
	 (1375,'2021-09-09',1,'Me siento poco a gusto.','798 899 472'),
	 (1376,'2021-09-09',2,'Estoy algo a gusto.','711 104 335'),
	 (1377,'2021-09-09',3,'Me siento bastante a gusto con el trato recibido.','604 235 231'),
	 (1378,'2021-09-09',4,'Estoy muy a gusto con el servicio prestado.','627 744 209'),
	 (1379,'2021-09-09',5,'Me siento completamente a gusto con este servicio.','637 142 086');
INSERT INTO KaraokeV3.ValoracionCritica (id_val,fec_val,puntuacion,comentario,telefono_cliente) VALUES
	 (1380,'2021-09-10',1,'Me siento poco a gusto.','671 103 760'),
	 (1381,'2021-09-10',2,'Estoy algo a gusto.','799 434 361'),
	 (1382,'2021-09-10',3,'Me siento bastante a gusto con el trato recibido.','710 269 426'),
	 (1383,'2021-09-10',4,'Estoy muy a gusto con el servicio prestado.','615 336 667'),
	 (1384,'2021-09-10',5,'Me siento completamente a gusto con este servicio.','789 253 204'),
	 (1385,'2021-09-10',1,'Me siento poco a gusto.','778 604 854'),
	 (1386,'2021-09-10',2,'Estoy algo a gusto.','624 758 567'),
	 (1387,'2021-09-10',3,'Me siento bastante a gusto con el trato recibido.','617 216 755'),
	 (1388,'2021-09-10',4,'Estoy muy a gusto con el servicio prestado.','729 140 031'),
	 (1389,'2021-09-10',5,'Me siento completamente a gusto con este servicio.','608 171 122');
INSERT INTO KaraokeV3.ValoracionCritica (id_val,fec_val,puntuacion,comentario,telefono_cliente) VALUES
	 (1390,'2021-09-10',1,'Me siento poco a gusto.','785 154 106'),
	 (1391,'2021-09-10',2,'Estoy algo a gusto.','712 141 628'),
	 (1392,'2021-09-10',3,'Me siento bastante a gusto con el trato recibido.','737 719 613'),
	 (1393,'2021-09-10',4,'Estoy muy a gusto con el servicio prestado.','667 607 872'),
	 (1394,'2021-09-10',5,'Me siento completamente a gusto con este servicio.','664 619 037'),
	 (1395,'2021-09-10',1,'Me siento poco a gusto.','761 514 814'),
	 (1396,'2021-09-10',2,'Estoy algo a gusto.','684 120 800'),
	 (1397,'2021-09-10',3,'Me siento bastante a gusto con el trato recibido.','791 034 623'),
	 (1398,'2021-09-10',4,'Estoy muy a gusto con el servicio prestado.','662 568 886'),
	 (1399,'2021-09-10',5,'Me siento completamente a gusto con este servicio.','602 572 993');
INSERT INTO KaraokeV3.ValoracionCritica (id_val,fec_val,puntuacion,comentario,telefono_cliente) VALUES
	 (1400,'2021-09-11',1,'Me siento poco a gusto.','688 650 667'),
	 (1401,'2021-09-11',2,'Estoy algo a gusto.','612 888 116'),
	 (1402,'2021-09-11',3,'Me siento bastante a gusto con el trato recibido.','717 934 618'),
	 (1403,'2021-09-11',4,'Estoy muy a gusto con el servicio prestado.','657 820 620'),
	 (1404,'2021-09-11',5,'Me siento completamente a gusto con este servicio.','713 921 945'),
	 (1405,'2021-09-11',1,'Me siento poco a gusto.','628 809 095'),
	 (1406,'2021-09-11',2,'Estoy algo a gusto.','646 989 712'),
	 (1407,'2021-09-11',3,'Me siento bastante a gusto con el trato recibido.','765 824 033'),
	 (1408,'2021-09-11',4,'Estoy muy a gusto con el servicio prestado.','658 477 375'),
	 (1409,'2021-09-11',5,'Me siento completamente a gusto con este servicio.','793 899 255');
INSERT INTO KaraokeV3.ValoracionCritica (id_val,fec_val,puntuacion,comentario,telefono_cliente) VALUES
	 (1410,'2021-09-11',1,'Me siento poco a gusto.','620 182 362'),
	 (1411,'2021-09-11',2,'Estoy algo a gusto.','630 796 746'),
	 (1412,'2021-09-11',3,'Me siento bastante a gusto con el trato recibido.','662 684 527'),
	 (1413,'2021-09-11',4,'Estoy muy a gusto con el servicio prestado.','690 774 453'),
	 (1414,'2021-09-11',5,'Me siento completamente a gusto con este servicio.','612 584 296'),
	 (1415,'2021-09-11',1,'Me siento poco a gusto.','797 399 484'),
	 (1416,'2021-09-11',2,'Estoy algo a gusto.','739 876 591'),
	 (1417,'2021-09-11',3,'Me siento bastante a gusto con el trato recibido.','665 710 045'),
	 (1418,'2021-09-11',4,'Estoy muy a gusto con el servicio prestado.','794 791 698'),
	 (1419,'2021-09-11',5,'Me siento completamente a gusto con este servicio.','653 621 136');
INSERT INTO KaraokeV3.ValoracionCritica (id_val,fec_val,puntuacion,comentario,telefono_cliente) VALUES
	 (1420,'2021-09-12',1,'Me siento poco a gusto.','732 577 325'),
	 (1421,'2021-09-12',2,'Estoy algo a gusto.','799 291 410'),
	 (1422,'2021-09-12',3,'Me siento bastante a gusto con el trato recibido.','654 805 942'),
	 (1423,'2021-09-12',4,'Estoy muy a gusto con el servicio prestado.','610 338 910'),
	 (1424,'2021-09-12',5,'Me siento completamente a gusto con este servicio.','620 726 514'),
	 (1425,'2021-09-12',1,'Me siento poco a gusto.','726 739 896'),
	 (1426,'2021-09-12',2,'Estoy algo a gusto.','713 208 335'),
	 (1427,'2021-09-12',3,'Me siento bastante a gusto con el trato recibido.','728 387 570'),
	 (1428,'2021-09-12',4,'Estoy muy a gusto con el servicio prestado.','643 404 553'),
	 (1429,'2021-09-12',5,'Me siento completamente a gusto con este servicio.','794 801 013');
INSERT INTO KaraokeV3.ValoracionCritica (id_val,fec_val,puntuacion,comentario,telefono_cliente) VALUES
	 (1430,'2021-09-12',1,'Me siento poco a gusto.','661 426 061'),
	 (1431,'2021-09-12',2,'Estoy algo a gusto.','671 940 630'),
	 (1432,'2021-09-12',3,'Me siento bastante a gusto con el trato recibido.','613 795 155'),
	 (1433,'2021-09-12',4,'Estoy muy a gusto con el servicio prestado.','633 119 006'),
	 (1434,'2021-09-12',5,'Me siento completamente a gusto con este servicio.','661 567 109'),
	 (1435,'2021-09-12',1,'Me siento poco a gusto.','668 921 905'),
	 (1436,'2021-09-12',2,'Estoy algo a gusto.','762 612 309'),
	 (1437,'2021-09-12',3,'Me siento bastante a gusto con el trato recibido.','751 379 028'),
	 (1438,'2021-09-12',4,'Estoy muy a gusto con el servicio prestado.','778 585 063'),
	 (1439,'2021-09-12',5,'Me siento completamente a gusto con este servicio.','711 560 947');
INSERT INTO KaraokeV3.ValoracionCritica (id_val,fec_val,puntuacion,comentario,telefono_cliente) VALUES
	 (1440,'2021-09-13',1,'Me siento poco a gusto.','711 376 553'),
	 (1441,'2021-09-13',2,'Estoy algo a gusto.','655 826 529'),
	 (1442,'2021-09-13',3,'Me siento bastante a gusto con el trato recibido.','732 927 246'),
	 (1443,'2021-09-13',4,'Estoy muy a gusto con el servicio prestado.','656 589 744'),
	 (1444,'2021-09-13',5,'Me siento completamente a gusto con este servicio.','629 341 952'),
	 (1445,'2021-09-13',1,'Me siento poco a gusto.','672 350 537'),
	 (1446,'2021-09-13',2,'Estoy algo a gusto.','795 953 885'),
	 (1447,'2021-09-13',3,'Me siento bastante a gusto con el trato recibido.','621 667 223'),
	 (1448,'2021-09-13',4,'Estoy muy a gusto con el servicio prestado.','727 976 703'),
	 (1449,'2021-09-13',5,'Me siento completamente a gusto con este servicio.','641 140 509');
INSERT INTO KaraokeV3.ValoracionCritica (id_val,fec_val,puntuacion,comentario,telefono_cliente) VALUES
	 (1450,'2021-09-13',1,'Me siento poco a gusto.','605 728 838'),
	 (1451,'2021-09-13',2,'Estoy algo a gusto.','683 071 392'),
	 (1452,'2021-09-13',3,'Me siento bastante a gusto con el trato recibido.','717 205 617'),
	 (1453,'2021-09-13',4,'Estoy muy a gusto con el servicio prestado.','774 605 906'),
	 (1454,'2021-09-13',5,'Me siento completamente a gusto con este servicio.','625 162 453'),
	 (1455,'2021-09-13',1,'Me siento poco a gusto.','615 426 327'),
	 (1456,'2021-09-13',2,'Estoy algo a gusto.','797 763 627'),
	 (1457,'2021-09-13',3,'Me siento bastante a gusto con el trato recibido.','667 670 739'),
	 (1458,'2021-09-13',4,'Estoy muy a gusto con el servicio prestado.','717 529 450'),
	 (1459,'2021-09-13',5,'Me siento completamente a gusto con este servicio.','730 908 803');
INSERT INTO KaraokeV3.ValoracionCritica (id_val,fec_val,puntuacion,comentario,telefono_cliente) VALUES
	 (1460,'2021-09-14',1,'Me siento poco a gusto.','794 725 912'),
	 (1461,'2021-09-14',2,'Estoy algo a gusto.','644 953 008'),
	 (1462,'2021-09-14',3,'Me siento bastante a gusto con el trato recibido.','772 889 356'),
	 (1463,'2021-09-14',4,'Estoy muy a gusto con el servicio prestado.','756 973 832'),
	 (1464,'2021-09-14',5,'Me siento completamente a gusto con este servicio.','624 059 909'),
	 (1465,'2021-09-14',1,'Me siento poco a gusto.','679 240 981'),
	 (1466,'2021-09-14',2,'Estoy algo a gusto.','785 766 820'),
	 (1467,'2021-09-14',3,'Me siento bastante a gusto con el trato recibido.','758 358 847'),
	 (1468,'2021-09-14',4,'Estoy muy a gusto con el servicio prestado.','761 157 963'),
	 (1469,'2021-09-14',5,'Me siento completamente a gusto con este servicio.','601 738 916');
INSERT INTO KaraokeV3.ValoracionCritica (id_val,fec_val,puntuacion,comentario,telefono_cliente) VALUES
	 (1470,'2021-09-14',1,'Me siento poco a gusto.','657 820 480'),
	 (1471,'2021-09-14',2,'Estoy algo a gusto.','727 163 051'),
	 (1472,'2021-09-14',3,'Me siento bastante a gusto con el trato recibido.','731 225 500'),
	 (1473,'2021-09-14',4,'Estoy muy a gusto con el servicio prestado.','715 729 685'),
	 (1474,'2021-09-14',5,'Me siento completamente a gusto con este servicio.','606 811 736'),
	 (1475,'2021-09-14',1,'Me siento poco a gusto.','774 061 933'),
	 (1476,'2021-09-14',2,'Estoy algo a gusto.','790 746 277'),
	 (1477,'2021-09-14',3,'Me siento bastante a gusto con el trato recibido.','744 624 626'),
	 (1478,'2021-09-14',4,'Estoy muy a gusto con el servicio prestado.','601 748 732'),
	 (1479,'2021-09-14',5,'Me siento completamente a gusto con este servicio.','774 854 466');
INSERT INTO KaraokeV3.ValoracionCritica (id_val,fec_val,puntuacion,comentario,telefono_cliente) VALUES
	 (1480,'2021-09-15',1,'Me siento poco a gusto.','782 485 503'),
	 (1481,'2021-09-15',2,'Estoy algo a gusto.','638 610 572'),
	 (1482,'2021-09-15',3,'Me siento bastante a gusto con el trato recibido.','601 981 073'),
	 (1483,'2021-09-15',4,'Estoy muy a gusto con el servicio prestado.','744 881 862'),
	 (1484,'2021-09-15',5,'Me siento completamente a gusto con este servicio.','782 156 910'),
	 (1485,'2021-09-15',1,'Me siento poco a gusto.','606 559 443'),
	 (1486,'2021-09-15',2,'Estoy algo a gusto.','769 170 055'),
	 (1487,'2021-09-15',3,'Me siento bastante a gusto con el trato recibido.','765 556 609'),
	 (1488,'2021-09-15',4,'Estoy muy a gusto con el servicio prestado.','622 007 413'),
	 (1489,'2021-09-15',5,'Me siento completamente a gusto con este servicio.','604 388 297');
INSERT INTO KaraokeV3.ValoracionCritica (id_val,fec_val,puntuacion,comentario,telefono_cliente) VALUES
	 (1490,'2021-09-15',1,'Me siento poco a gusto.','691 664 074'),
	 (1491,'2021-09-15',2,'Estoy algo a gusto.','676 927 871'),
	 (1492,'2021-09-15',3,'Me siento bastante a gusto con el trato recibido.','742 881 994'),
	 (1493,'2021-09-15',4,'Estoy muy a gusto con el servicio prestado.','712 704 891'),
	 (1494,'2021-09-15',5,'Me siento completamente a gusto con este servicio.','675 696 589'),
	 (1495,'2021-09-15',1,'Me siento poco a gusto.','769 220 372'),
	 (1496,'2021-09-15',2,'Estoy algo a gusto.','759 229 135'),
	 (1497,'2021-09-15',3,'Me siento bastante a gusto con el trato recibido.','760 393 487'),
	 (1498,'2021-09-15',4,'Estoy muy a gusto con el servicio prestado.','635 250 731'),
	 (1499,'2021-09-15',5,'Me siento completamente a gusto con este servicio.','758 848 656');
INSERT INTO KaraokeV3.ValoracionCritica (id_val,fec_val,puntuacion,comentario,telefono_cliente) VALUES
	 (1500,'2021-09-16',1,'Me siento poco a gusto.','612 682 569'),
	 (1501,'2021-09-16',2,'Estoy algo a gusto.','739 459 570'),
	 (1502,'2021-09-16',3,'Me siento bastante a gusto con el trato recibido.','726 156 106'),
	 (1503,'2021-09-16',4,'Estoy muy a gusto con el servicio prestado.','601 480 267'),
	 (1504,'2021-09-16',5,'Me siento completamente a gusto con este servicio.','683 961 338'),
	 (1505,'2021-09-16',1,'Me siento poco a gusto.','602 384 670'),
	 (1506,'2021-09-16',2,'Estoy algo a gusto.','740 397 754'),
	 (1507,'2021-09-16',3,'Me siento bastante a gusto con el trato recibido.','770 484 685'),
	 (1508,'2021-09-16',4,'Estoy muy a gusto con el servicio prestado.','669 007 526'),
	 (1509,'2021-09-16',5,'Me siento completamente a gusto con este servicio.','731 108 283');
INSERT INTO KaraokeV3.ValoracionCritica (id_val,fec_val,puntuacion,comentario,telefono_cliente) VALUES
	 (1510,'2021-09-16',1,'Me siento poco a gusto.','767 445 687'),
	 (1511,'2021-09-16',2,'Estoy algo a gusto.','720 217 479'),
	 (1512,'2021-09-16',3,'Me siento bastante a gusto con el trato recibido.','763 677 399'),
	 (1513,'2021-09-16',4,'Estoy muy a gusto con el servicio prestado.','677 894 098'),
	 (1514,'2021-09-16',5,'Me siento completamente a gusto con este servicio.','711 645 003'),
	 (1515,'2021-09-16',1,'Me siento poco a gusto.','653 245 033'),
	 (1516,'2021-09-16',2,'Estoy algo a gusto.','785 061 635'),
	 (1517,'2021-09-16',3,'Me siento bastante a gusto con el trato recibido.','786 507 359'),
	 (1518,'2021-09-16',4,'Estoy muy a gusto con el servicio prestado.','653 566 529'),
	 (1519,'2021-09-16',5,'Me siento completamente a gusto con este servicio.','698 827 482');
INSERT INTO KaraokeV3.ValoracionCritica (id_val,fec_val,puntuacion,comentario,telefono_cliente) VALUES
	 (1520,'2021-09-17',1,'Me siento poco a gusto.','797 943 385'),
	 (1521,'2021-09-17',2,'Estoy algo a gusto.','640 748 303'),
	 (1522,'2021-09-17',3,'Me siento bastante a gusto con el trato recibido.','716 240 158'),
	 (1523,'2021-09-17',4,'Estoy muy a gusto con el servicio prestado.','604 527 327'),
	 (1524,'2021-09-17',5,'Me siento completamente a gusto con este servicio.','794 638 302'),
	 (1525,'2021-09-17',1,'Me siento poco a gusto.','648 872 548'),
	 (1526,'2021-09-17',2,'Estoy algo a gusto.','769 017 165'),
	 (1527,'2021-09-17',3,'Me siento bastante a gusto con el trato recibido.','755 447 596'),
	 (1528,'2021-09-17',4,'Estoy muy a gusto con el servicio prestado.','626 583 607'),
	 (1529,'2021-09-17',5,'Me siento completamente a gusto con este servicio.','600 129 792');
INSERT INTO KaraokeV3.ValoracionCritica (id_val,fec_val,puntuacion,comentario,telefono_cliente) VALUES
	 (1530,'2021-09-17',1,'Me siento poco a gusto.','770 998 022'),
	 (1531,'2021-09-17',2,'Estoy algo a gusto.','712 437 427'),
	 (1532,'2021-09-17',3,'Me siento bastante a gusto con el trato recibido.','652 138 634'),
	 (1533,'2021-09-17',4,'Estoy muy a gusto con el servicio prestado.','649 358 734'),
	 (1534,'2021-09-17',5,'Me siento completamente a gusto con este servicio.','781 291 238'),
	 (1535,'2021-09-17',1,'Me siento poco a gusto.','697 168 625'),
	 (1536,'2021-09-17',2,'Estoy algo a gusto.','693 330 832'),
	 (1537,'2021-09-17',3,'Me siento bastante a gusto con el trato recibido.','697 818 843'),
	 (1538,'2021-09-17',4,'Estoy muy a gusto con el servicio prestado.','621 573 512'),
	 (1539,'2021-09-17',5,'Me siento completamente a gusto con este servicio.','788 763 043');
INSERT INTO KaraokeV3.ValoracionCritica (id_val,fec_val,puntuacion,comentario,telefono_cliente) VALUES
	 (1540,'2021-09-18',1,'Me siento poco a gusto.','623 331 788'),
	 (1541,'2021-09-18',2,'Estoy algo a gusto.','683 455 696'),
	 (1542,'2021-09-18',3,'Me siento bastante a gusto con el trato recibido.','660 972 607'),
	 (1543,'2021-09-18',4,'Estoy muy a gusto con el servicio prestado.','693 834 467'),
	 (1544,'2021-09-18',5,'Me siento completamente a gusto con este servicio.','678 666 648'),
	 (1545,'2021-09-18',1,'Me siento poco a gusto.','792 956 952'),
	 (1546,'2021-09-18',2,'Estoy algo a gusto.','755 453 767'),
	 (1547,'2021-09-18',3,'Me siento bastante a gusto con el trato recibido.','673 698 922'),
	 (1548,'2021-09-18',4,'Estoy muy a gusto con el servicio prestado.','789 964 501'),
	 (1549,'2021-09-18',5,'Me siento completamente a gusto con este servicio.','781 932 552');
INSERT INTO KaraokeV3.ValoracionCritica (id_val,fec_val,puntuacion,comentario,telefono_cliente) VALUES
	 (1550,'2021-09-18',1,'Me siento poco a gusto.','739 315 077'),
	 (1551,'2021-09-18',2,'Estoy algo a gusto.','723 207 365'),
	 (1552,'2021-09-18',3,'Me siento bastante a gusto con el trato recibido.','764 545 908'),
	 (1553,'2021-09-18',4,'Estoy muy a gusto con el servicio prestado.','710 998 514'),
	 (1554,'2021-09-18',5,'Me siento completamente a gusto con este servicio.','721 285 800'),
	 (1555,'2021-09-18',1,'Me siento poco a gusto.','652 239 616'),
	 (1556,'2021-09-18',2,'Estoy algo a gusto.','780 239 775'),
	 (1557,'2021-09-18',3,'Me siento bastante a gusto con el trato recibido.','655 528 996'),
	 (1558,'2021-09-18',4,'Estoy muy a gusto con el servicio prestado.','720 117 135'),
	 (1559,'2021-09-18',5,'Me siento completamente a gusto con este servicio.','699 244 441');
INSERT INTO KaraokeV3.ValoracionCritica (id_val,fec_val,puntuacion,comentario,telefono_cliente) VALUES
	 (1560,'2021-09-19',1,'Me siento poco a gusto.','740 798 772'),
	 (1561,'2021-09-19',2,'Estoy algo a gusto.','674 622 387'),
	 (1562,'2021-09-19',3,'Me siento bastante a gusto con el trato recibido.','713 593 863'),
	 (1563,'2021-09-19',4,'Estoy muy a gusto con el servicio prestado.','644 683 927'),
	 (1564,'2021-09-19',5,'Me siento completamente a gusto con este servicio.','741 178 585'),
	 (1565,'2021-09-19',1,'Me siento poco a gusto.','605 685 284'),
	 (1566,'2021-09-19',2,'Estoy algo a gusto.','666 464 978'),
	 (1567,'2021-09-19',3,'Me siento bastante a gusto con el trato recibido.','791 986 804'),
	 (1568,'2021-09-19',4,'Estoy muy a gusto con el servicio prestado.','682 401 461'),
	 (1569,'2021-09-19',5,'Me siento completamente a gusto con este servicio.','726 717 142');
INSERT INTO KaraokeV3.ValoracionCritica (id_val,fec_val,puntuacion,comentario,telefono_cliente) VALUES
	 (1570,'2021-09-19',1,'Me siento poco a gusto.','717 557 716'),
	 (1571,'2021-09-19',2,'Estoy algo a gusto.','616 490 234'),
	 (1572,'2021-09-19',3,'Me siento bastante a gusto con el trato recibido.','601 418 120'),
	 (1573,'2021-09-19',4,'Estoy muy a gusto con el servicio prestado.','613 691 553'),
	 (1574,'2021-09-19',5,'Me siento completamente a gusto con este servicio.','623 793 727'),
	 (1575,'2021-09-19',1,'Me siento poco a gusto.','613 765 636'),
	 (1576,'2021-09-19',2,'Estoy algo a gusto.','681 867 312'),
	 (1577,'2021-09-19',3,'Me siento bastante a gusto con el trato recibido.','797 374 637'),
	 (1578,'2021-09-19',4,'Estoy muy a gusto con el servicio prestado.','776 146 272'),
	 (1579,'2021-09-19',5,'Me siento completamente a gusto con este servicio.','786 491 400');
INSERT INTO KaraokeV3.ValoracionCritica (id_val,fec_val,puntuacion,comentario,telefono_cliente) VALUES
	 (1580,'2021-09-20',1,'Me siento poco a gusto.','678 588 934'),
	 (1581,'2021-09-20',2,'Estoy algo a gusto.','685 798 520'),
	 (1582,'2021-09-20',3,'Me siento bastante a gusto con el trato recibido.','649 723 039'),
	 (1583,'2021-09-20',4,'Estoy muy a gusto con el servicio prestado.','641 482 466'),
	 (1584,'2021-09-20',5,'Me siento completamente a gusto con este servicio.','639 807 888'),
	 (1585,'2021-09-20',1,'Me siento poco a gusto.','649 862 573'),
	 (1586,'2021-09-20',2,'Estoy algo a gusto.','714 524 319'),
	 (1587,'2021-09-20',3,'Me siento bastante a gusto con el trato recibido.','617 533 234'),
	 (1588,'2021-09-20',4,'Estoy muy a gusto con el servicio prestado.','713 585 516'),
	 (1589,'2021-09-20',5,'Me siento completamente a gusto con este servicio.','718 276 912');
INSERT INTO KaraokeV3.ValoracionCritica (id_val,fec_val,puntuacion,comentario,telefono_cliente) VALUES
	 (1590,'2021-09-20',1,'Me siento poco a gusto.','736 882 700'),
	 (1591,'2021-09-20',2,'Estoy algo a gusto.','755 299 458'),
	 (1592,'2021-09-20',3,'Me siento bastante a gusto con el trato recibido.','626 417 759'),
	 (1593,'2021-09-20',4,'Estoy muy a gusto con el servicio prestado.','680 473 506'),
	 (1594,'2021-09-20',5,'Me siento completamente a gusto con este servicio.','685 319 486'),
	 (1595,'2021-09-20',1,'Me siento poco a gusto.','672 599 530'),
	 (1596,'2021-09-20',2,'Estoy algo a gusto.','752 140 631'),
	 (1597,'2021-09-20',3,'Me siento bastante a gusto con el trato recibido.','768 876 228'),
	 (1598,'2021-09-20',4,'Estoy muy a gusto con el servicio prestado.','699 342 983'),
	 (1599,'2021-09-20',5,'Me siento completamente a gusto con este servicio.','711 242 425');
INSERT INTO KaraokeV3.ValoracionCritica (id_val,fec_val,puntuacion,comentario,telefono_cliente) VALUES
	 (1600,'2021-09-21',1,'Me siento poco a gusto.','720 256 217'),
	 (1601,'2021-09-21',2,'Estoy algo a gusto.','778 579 804'),
	 (1602,'2021-09-21',3,'Me siento bastante a gusto con el trato recibido.','635 555 339'),
	 (1603,'2021-09-21',4,'Estoy muy a gusto con el servicio prestado.','690 291 859'),
	 (1604,'2021-09-21',5,'Me siento completamente a gusto con este servicio.','716 302 479'),
	 (1605,'2021-09-21',1,'Me siento poco a gusto.','654 014 431'),
	 (1606,'2021-09-21',2,'Estoy algo a gusto.','712 162 079'),
	 (1607,'2021-09-21',3,'Me siento bastante a gusto con el trato recibido.','665 960 757'),
	 (1608,'2021-09-21',4,'Estoy muy a gusto con el servicio prestado.','602 702 112'),
	 (1609,'2021-09-21',5,'Me siento completamente a gusto con este servicio.','794 606 351');
INSERT INTO KaraokeV3.ValoracionCritica (id_val,fec_val,puntuacion,comentario,telefono_cliente) VALUES
	 (1610,'2021-09-21',1,'Me siento poco a gusto.','785 742 203'),
	 (1611,'2021-09-21',2,'Estoy algo a gusto.','742 377 524'),
	 (1612,'2021-09-21',3,'Me siento bastante a gusto con el trato recibido.','621 146 676'),
	 (1613,'2021-09-21',4,'Estoy muy a gusto con el servicio prestado.','662 076 526'),
	 (1614,'2021-09-21',5,'Me siento completamente a gusto con este servicio.','644 679 366'),
	 (1615,'2021-09-21',1,'Me siento poco a gusto.','732 827 795'),
	 (1616,'2021-09-21',2,'Estoy algo a gusto.','637 077 726'),
	 (1617,'2021-09-21',3,'Me siento bastante a gusto con el trato recibido.','664 654 659'),
	 (1618,'2021-09-21',4,'Estoy muy a gusto con el servicio prestado.','659 231 943'),
	 (1619,'2021-09-21',5,'Me siento completamente a gusto con este servicio.','634 253 745');
INSERT INTO KaraokeV3.ValoracionCritica (id_val,fec_val,puntuacion,comentario,telefono_cliente) VALUES
	 (1620,'2021-09-22',1,'Me siento poco a gusto.','782 102 136'),
	 (1621,'2021-09-22',2,'Estoy algo a gusto.','613 900 065'),
	 (1622,'2021-09-22',3,'Me siento bastante a gusto con el trato recibido.','629 706 536'),
	 (1623,'2021-09-22',4,'Estoy muy a gusto con el servicio prestado.','791 042 420'),
	 (1624,'2021-09-22',5,'Me siento completamente a gusto con este servicio.','764 218 286'),
	 (1625,'2021-09-22',1,'Me siento poco a gusto.','766 728 145'),
	 (1626,'2021-09-22',2,'Estoy algo a gusto.','733 265 837'),
	 (1627,'2021-09-22',3,'Me siento bastante a gusto con el trato recibido.','784 066 446'),
	 (1628,'2021-09-22',4,'Estoy muy a gusto con el servicio prestado.','628 712 918'),
	 (1629,'2021-09-22',5,'Me siento completamente a gusto con este servicio.','646 996 370');
INSERT INTO KaraokeV3.ValoracionCritica (id_val,fec_val,puntuacion,comentario,telefono_cliente) VALUES
	 (1630,'2021-09-22',1,'Me siento poco a gusto.','739 424 564'),
	 (1631,'2021-09-22',2,'Estoy algo a gusto.','685 023 551'),
	 (1632,'2021-09-22',3,'Me siento bastante a gusto con el trato recibido.','691 166 184'),
	 (1633,'2021-09-22',4,'Estoy muy a gusto con el servicio prestado.','631 058 916'),
	 (1634,'2021-09-22',5,'Me siento completamente a gusto con este servicio.','619 398 568'),
	 (1635,'2021-09-22',1,'Me siento poco a gusto.','789 758 827'),
	 (1636,'2021-09-22',2,'Estoy algo a gusto.','692 250 384'),
	 (1637,'2021-09-22',3,'Me siento bastante a gusto con el trato recibido.','683 394 623'),
	 (1638,'2021-09-22',4,'Estoy muy a gusto con el servicio prestado.','688 857 902'),
	 (1639,'2021-09-22',5,'Me siento completamente a gusto con este servicio.','746 896 442');
INSERT INTO KaraokeV3.ValoracionCritica (id_val,fec_val,puntuacion,comentario,telefono_cliente) VALUES
	 (1640,'2021-09-23',1,'Me siento poco a gusto.','693 446 586'),
	 (1641,'2021-09-23',2,'Estoy algo a gusto.','771 641 747'),
	 (1642,'2021-09-23',3,'Me siento bastante a gusto con el trato recibido.','660 167 305'),
	 (1643,'2021-09-23',4,'Estoy muy a gusto con el servicio prestado.','784 060 967'),
	 (1644,'2021-09-23',5,'Me siento completamente a gusto con este servicio.','659 420 571'),
	 (1645,'2021-09-23',1,'Me siento poco a gusto.','754 036 252'),
	 (1646,'2021-09-23',2,'Estoy algo a gusto.','769 423 451'),
	 (1647,'2021-09-23',3,'Me siento bastante a gusto con el trato recibido.','729 957 081'),
	 (1648,'2021-09-23',4,'Estoy muy a gusto con el servicio prestado.','728 059 894'),
	 (1649,'2021-09-23',5,'Me siento completamente a gusto con este servicio.','653 365 521');
INSERT INTO KaraokeV3.ValoracionCritica (id_val,fec_val,puntuacion,comentario,telefono_cliente) VALUES
	 (1650,'2021-09-23',1,'Me siento poco a gusto.','734 224 470'),
	 (1651,'2021-09-23',2,'Estoy algo a gusto.','771 562 136'),
	 (1652,'2021-09-23',3,'Me siento bastante a gusto con el trato recibido.','777 367 327'),
	 (1653,'2021-09-23',4,'Estoy muy a gusto con el servicio prestado.','648 082 650'),
	 (1654,'2021-09-23',5,'Me siento completamente a gusto con este servicio.','783 205 767'),
	 (1655,'2021-09-23',1,'Me siento poco a gusto.','637 968 313'),
	 (1656,'2021-09-23',2,'Estoy algo a gusto.','720 475 146'),
	 (1657,'2021-09-23',3,'Me siento bastante a gusto con el trato recibido.','621 958 615'),
	 (1658,'2021-09-23',4,'Estoy muy a gusto con el servicio prestado.','765 855 831'),
	 (1659,'2021-09-23',5,'Me siento completamente a gusto con este servicio.','613 615 649');
INSERT INTO KaraokeV3.ValoracionCritica (id_val,fec_val,puntuacion,comentario,telefono_cliente) VALUES
	 (1660,'2021-09-24',1,'Me siento poco a gusto.','791 155 573'),
	 (1661,'2021-09-24',2,'Estoy algo a gusto.','698 290 860'),
	 (1662,'2021-09-24',3,'Me siento bastante a gusto con el trato recibido.','715 648 376'),
	 (1663,'2021-09-24',4,'Estoy muy a gusto con el servicio prestado.','631 302 434'),
	 (1664,'2021-09-24',5,'Me siento completamente a gusto con este servicio.','652 910 035'),
	 (1665,'2021-09-24',1,'Me siento poco a gusto.','679 132 433'),
	 (1666,'2021-09-24',2,'Estoy algo a gusto.','764 510 969'),
	 (1667,'2021-09-24',3,'Me siento bastante a gusto con el trato recibido.','680 743 344'),
	 (1668,'2021-09-24',4,'Estoy muy a gusto con el servicio prestado.','634 583 211'),
	 (1669,'2021-09-24',5,'Me siento completamente a gusto con este servicio.','614 066 860');
INSERT INTO KaraokeV3.ValoracionCritica (id_val,fec_val,puntuacion,comentario,telefono_cliente) VALUES
	 (1670,'2021-09-24',1,'Me siento poco a gusto.','786 753 675'),
	 (1671,'2021-09-24',2,'Estoy algo a gusto.','664 333 915'),
	 (1672,'2021-09-24',3,'Me siento bastante a gusto con el trato recibido.','622 935 487'),
	 (1673,'2021-09-24',4,'Estoy muy a gusto con el servicio prestado.','668 484 386'),
	 (1674,'2021-09-24',5,'Me siento completamente a gusto con este servicio.','694 695 384'),
	 (1675,'2021-09-24',1,'Me siento poco a gusto.','796 722 646'),
	 (1676,'2021-09-24',2,'Estoy algo a gusto.','761 842 501'),
	 (1677,'2021-09-24',3,'Me siento bastante a gusto con el trato recibido.','751 375 075'),
	 (1678,'2021-09-24',4,'Estoy muy a gusto con el servicio prestado.','663 963 525'),
	 (1679,'2021-09-24',5,'Me siento completamente a gusto con este servicio.','722 051 153');
INSERT INTO KaraokeV3.ValoracionCritica (id_val,fec_val,puntuacion,comentario,telefono_cliente) VALUES
	 (1680,'2021-09-25',1,'Me siento poco a gusto.','726 298 799'),
	 (1681,'2021-09-25',2,'Estoy algo a gusto.','685 680 776'),
	 (1682,'2021-09-25',3,'Me siento bastante a gusto con el trato recibido.','670 358 083'),
	 (1683,'2021-09-25',4,'Estoy muy a gusto con el servicio prestado.','698 775 776'),
	 (1684,'2021-09-25',5,'Me siento completamente a gusto con este servicio.','676 576 326'),
	 (1685,'2021-09-25',1,'Me siento poco a gusto.','719 060 782'),
	 (1686,'2021-09-25',2,'Estoy algo a gusto.','719 674 997'),
	 (1687,'2021-09-25',3,'Me siento bastante a gusto con el trato recibido.','748 841 355'),
	 (1688,'2021-09-25',4,'Estoy muy a gusto con el servicio prestado.','697 314 322'),
	 (1689,'2021-09-25',5,'Me siento completamente a gusto con este servicio.','696 593 449');
INSERT INTO KaraokeV3.ValoracionCritica (id_val,fec_val,puntuacion,comentario,telefono_cliente) VALUES
	 (1690,'2021-09-25',1,'Me siento poco a gusto.','611 060 661'),
	 (1691,'2021-09-25',2,'Estoy algo a gusto.','608 217 241'),
	 (1692,'2021-09-25',3,'Me siento bastante a gusto con el trato recibido.','625 056 126'),
	 (1693,'2021-09-25',4,'Estoy muy a gusto con el servicio prestado.','769 820 870'),
	 (1694,'2021-09-25',5,'Me siento completamente a gusto con este servicio.','659 639 213'),
	 (1695,'2021-09-25',1,'Me siento poco a gusto.','667 558 634'),
	 (1696,'2021-09-25',2,'Estoy algo a gusto.','776 340 596'),
	 (1697,'2021-09-25',3,'Me siento bastante a gusto con el trato recibido.','633 500 719'),
	 (1698,'2021-09-25',4,'Estoy muy a gusto con el servicio prestado.','761 571 310'),
	 (1699,'2021-09-25',5,'Me siento completamente a gusto con este servicio.','653 867 872');
INSERT INTO KaraokeV3.ValoracionCritica (id_val,fec_val,puntuacion,comentario,telefono_cliente) VALUES
	 (1700,'2021-09-26',1,'Me siento poco a gusto.','686 412 720'),
	 (1701,'2021-09-26',2,'Estoy algo a gusto.','790 457 988'),
	 (1702,'2021-09-26',3,'Me siento bastante a gusto con el trato recibido.','694 056 499'),
	 (1703,'2021-09-26',4,'Estoy muy a gusto con el servicio prestado.','669 358 949'),
	 (1704,'2021-09-26',5,'Me siento completamente a gusto con este servicio.','764 782 404'),
	 (1705,'2021-09-26',1,'Me siento poco a gusto.','607 053 831'),
	 (1706,'2021-09-26',2,'Estoy algo a gusto.','685 502 643'),
	 (1707,'2021-09-26',3,'Me siento bastante a gusto con el trato recibido.','757 244 152'),
	 (1708,'2021-09-26',4,'Estoy muy a gusto con el servicio prestado.','765 406 266'),
	 (1709,'2021-09-26',5,'Me siento completamente a gusto con este servicio.','751 710 240');
INSERT INTO KaraokeV3.ValoracionCritica (id_val,fec_val,puntuacion,comentario,telefono_cliente) VALUES
	 (1710,'2021-09-26',1,'Me siento poco a gusto.','660 055 377'),
	 (1711,'2021-09-26',2,'Estoy algo a gusto.','690 104 038'),
	 (1712,'2021-09-26',3,'Me siento bastante a gusto con el trato recibido.','740 095 195'),
	 (1713,'2021-09-26',4,'Estoy muy a gusto con el servicio prestado.','696 725 244'),
	 (1714,'2021-09-26',5,'Me siento completamente a gusto con este servicio.','747 592 924'),
	 (1715,'2021-09-26',1,'Me siento poco a gusto.','689 520 894'),
	 (1716,'2021-09-26',2,'Estoy algo a gusto.','622 678 479'),
	 (1717,'2021-09-26',3,'Me siento bastante a gusto con el trato recibido.','618 906 437'),
	 (1718,'2021-09-26',4,'Estoy muy a gusto con el servicio prestado.','668 176 490'),
	 (1719,'2021-09-26',5,'Me siento completamente a gusto con este servicio.','633 132 503');
INSERT INTO KaraokeV3.ValoracionCritica (id_val,fec_val,puntuacion,comentario,telefono_cliente) VALUES
	 (1720,'2021-09-27',1,'Me siento poco a gusto.','772 080 569'),
	 (1721,'2021-09-27',2,'Estoy algo a gusto.','774 832 019'),
	 (1722,'2021-09-27',3,'Me siento bastante a gusto con el trato recibido.','690 188 128'),
	 (1723,'2021-09-27',4,'Estoy muy a gusto con el servicio prestado.','664 065 029'),
	 (1724,'2021-09-27',5,'Me siento completamente a gusto con este servicio.','622 082 992'),
	 (1725,'2021-09-27',1,'Me siento poco a gusto.','663 981 591'),
	 (1726,'2021-09-27',2,'Estoy algo a gusto.','788 191 288'),
	 (1727,'2021-09-27',3,'Me siento bastante a gusto con el trato recibido.','676 741 213'),
	 (1728,'2021-09-27',4,'Estoy muy a gusto con el servicio prestado.','717 052 408'),
	 (1729,'2021-09-27',5,'Me siento completamente a gusto con este servicio.','668 953 450');
INSERT INTO KaraokeV3.ValoracionCritica (id_val,fec_val,puntuacion,comentario,telefono_cliente) VALUES
	 (1730,'2021-09-27',1,'Me siento poco a gusto.','741 834 148'),
	 (1731,'2021-09-27',2,'Estoy algo a gusto.','621 982 019'),
	 (1732,'2021-09-27',3,'Me siento bastante a gusto con el trato recibido.','658 820 331'),
	 (1733,'2021-09-27',4,'Estoy muy a gusto con el servicio prestado.','689 159 286'),
	 (1734,'2021-09-27',5,'Me siento completamente a gusto con este servicio.','739 498 384'),
	 (1735,'2021-09-27',1,'Me siento poco a gusto.','618 140 751'),
	 (1736,'2021-09-27',2,'Estoy algo a gusto.','689 052 376'),
	 (1737,'2021-09-27',3,'Me siento bastante a gusto con el trato recibido.','749 573 358'),
	 (1738,'2021-09-27',4,'Estoy muy a gusto con el servicio prestado.','631 050 973'),
	 (1739,'2021-09-27',5,'Me siento completamente a gusto con este servicio.','656 849 105');
INSERT INTO KaraokeV3.ValoracionCritica (id_val,fec_val,puntuacion,comentario,telefono_cliente) VALUES
	 (1740,'2021-09-28',1,'Me siento poco a gusto.','717 017 807'),
	 (1741,'2021-09-28',2,'Estoy algo a gusto.','784 749 889'),
	 (1742,'2021-09-28',3,'Me siento bastante a gusto con el trato recibido.','788 614 551'),
	 (1743,'2021-09-28',4,'Estoy muy a gusto con el servicio prestado.','608 763 419'),
	 (1744,'2021-09-28',5,'Me siento completamente a gusto con este servicio.','697 399 643'),
	 (1745,'2021-09-28',1,'Me siento poco a gusto.','606 804 831'),
	 (1746,'2021-09-28',2,'Estoy algo a gusto.','610 033 789'),
	 (1747,'2021-09-28',3,'Me siento bastante a gusto con el trato recibido.','776 181 496'),
	 (1748,'2021-09-28',4,'Estoy muy a gusto con el servicio prestado.','747 345 849'),
	 (1749,'2021-09-28',5,'Me siento completamente a gusto con este servicio.','753 852 905');
INSERT INTO KaraokeV3.ValoracionCritica (id_val,fec_val,puntuacion,comentario,telefono_cliente) VALUES
	 (1750,'2021-09-28',1,'Me siento poco a gusto.','761 235 036'),
	 (1751,'2021-09-28',2,'Estoy algo a gusto.','684 979 929'),
	 (1752,'2021-09-28',3,'Me siento bastante a gusto con el trato recibido.','772 239 720'),
	 (1753,'2021-09-28',4,'Estoy muy a gusto con el servicio prestado.','750 460 605'),
	 (1754,'2021-09-28',5,'Me siento completamente a gusto con este servicio.','745 416 914'),
	 (1755,'2021-09-28',1,'Me siento poco a gusto.','602 604 283'),
	 (1756,'2021-09-28',2,'Estoy algo a gusto.','787 423 472'),
	 (1757,'2021-09-28',3,'Me siento bastante a gusto con el trato recibido.','770 083 306'),
	 (1758,'2021-09-28',4,'Estoy muy a gusto con el servicio prestado.','656 064 676'),
	 (1759,'2021-09-28',5,'Me siento completamente a gusto con este servicio.','772 904 357');
INSERT INTO KaraokeV3.ValoracionCritica (id_val,fec_val,puntuacion,comentario,telefono_cliente) VALUES
	 (1760,'2021-09-29',1,'Me siento poco a gusto.','620 446 991'),
	 (1761,'2021-09-29',2,'Estoy algo a gusto.','678 085 051'),
	 (1762,'2021-09-29',3,'Me siento bastante a gusto con el trato recibido.','693 955 616'),
	 (1763,'2021-09-29',4,'Estoy muy a gusto con el servicio prestado.','680 674 097'),
	 (1764,'2021-09-29',5,'Me siento completamente a gusto con este servicio.','687 437 661'),
	 (1765,'2021-09-29',1,'Me siento poco a gusto.','658 057 911'),
	 (1766,'2021-09-29',2,'Estoy algo a gusto.','787 431 204'),
	 (1767,'2021-09-29',3,'Me siento bastante a gusto con el trato recibido.','786 363 013'),
	 (1768,'2021-09-29',4,'Estoy muy a gusto con el servicio prestado.','712 913 070'),
	 (1769,'2021-09-29',5,'Me siento completamente a gusto con este servicio.','609 577 643');
INSERT INTO KaraokeV3.ValoracionCritica (id_val,fec_val,puntuacion,comentario,telefono_cliente) VALUES
	 (1770,'2021-09-29',1,'Me siento poco a gusto.','723 940 398'),
	 (1771,'2021-09-29',2,'Estoy algo a gusto.','766 044 611'),
	 (1772,'2021-09-29',3,'Me siento bastante a gusto con el trato recibido.','647 098 513'),
	 (1773,'2021-09-29',4,'Estoy muy a gusto con el servicio prestado.','697 313 407'),
	 (1774,'2021-09-29',5,'Me siento completamente a gusto con este servicio.','797 557 902'),
	 (1775,'2021-09-29',1,'Me siento poco a gusto.','692 009 870'),
	 (1776,'2021-09-29',2,'Estoy algo a gusto.','639 780 808'),
	 (1777,'2021-09-29',3,'Me siento bastante a gusto con el trato recibido.','783 391 636'),
	 (1778,'2021-09-29',4,'Estoy muy a gusto con el servicio prestado.','784 038 783'),
	 (1779,'2021-09-29',5,'Me siento completamente a gusto con este servicio.','710 543 522');
INSERT INTO KaraokeV3.ValoracionCritica (id_val,fec_val,puntuacion,comentario,telefono_cliente) VALUES
	 (1780,'2021-09-30',1,'Me siento poco a gusto.','771 828 126'),
	 (1781,'2021-09-30',2,'Estoy algo a gusto.','693 526 215'),
	 (1782,'2021-09-30',3,'Me siento bastante a gusto con el trato recibido.','604 551 064'),
	 (1783,'2021-09-30',4,'Estoy muy a gusto con el servicio prestado.','665 418 763'),
	 (1784,'2021-09-30',5,'Me siento completamente a gusto con este servicio.','737 630 004'),
	 (1785,'2021-09-30',1,'Me siento poco a gusto.','622 462 365'),
	 (1786,'2021-09-30',2,'Estoy algo a gusto.','793 978 986'),
	 (1787,'2021-09-30',3,'Me siento bastante a gusto con el trato recibido.','649 853 102'),
	 (1788,'2021-09-30',4,'Estoy muy a gusto con el servicio prestado.','774 398 742'),
	 (1789,'2021-09-30',5,'Me siento completamente a gusto con este servicio.','659 295 805');
INSERT INTO KaraokeV3.ValoracionCritica (id_val,fec_val,puntuacion,comentario,telefono_cliente) VALUES
	 (1790,'2021-09-30',1,'Me siento poco a gusto.','744 039 720'),
	 (1791,'2021-09-30',2,'Estoy algo a gusto.','634 914 947'),
	 (1792,'2021-09-30',3,'Me siento bastante a gusto con el trato recibido.','741 059 175'),
	 (1793,'2021-09-30',4,'Estoy muy a gusto con el servicio prestado.','779 383 042'),
	 (1794,'2021-09-30',5,'Me siento completamente a gusto con este servicio.','636 476 868'),
	 (1795,'2021-09-30',1,'Me siento poco a gusto.','659 321 432'),
	 (1796,'2021-09-30',2,'Estoy algo a gusto.','773 908 832'),
	 (1797,'2021-09-30',3,'Me siento bastante a gusto con el trato recibido.','631 013 647'),
	 (1798,'2021-09-30',4,'Estoy muy a gusto con el servicio prestado.','664 226 349'),
	 (1799,'2021-09-30',5,'Me siento completamente a gusto con este servicio.','683 557 638');
INSERT INTO KaraokeV3.ValoracionCritica (id_val,fec_val,puntuacion,comentario,telefono_cliente) VALUES
	 (1800,'2021-10-01',1,'Me siento poco a gusto.','732 797 424'),
	 (1801,'2021-10-01',2,'Estoy algo a gusto.','661 619 069'),
	 (1802,'2021-10-01',3,'Me siento bastante a gusto con el trato recibido.','744 535 478'),
	 (1803,'2021-10-01',4,'Estoy muy a gusto con el servicio prestado.','796 513 541'),
	 (1804,'2021-10-01',5,'Me siento completamente a gusto con este servicio.','721 165 074'),
	 (1805,'2021-10-01',1,'Me siento poco a gusto.','722 475 241'),
	 (1806,'2021-10-01',2,'Estoy algo a gusto.','653 595 272'),
	 (1807,'2021-10-01',3,'Me siento bastante a gusto con el trato recibido.','687 773 154'),
	 (1808,'2021-10-01',4,'Estoy muy a gusto con el servicio prestado.','785 429 349'),
	 (1809,'2021-10-01',5,'Me siento completamente a gusto con este servicio.','731 394 672');
INSERT INTO KaraokeV3.ValoracionCritica (id_val,fec_val,puntuacion,comentario,telefono_cliente) VALUES
	 (1810,'2021-10-01',1,'Me siento poco a gusto.','624 175 625'),
	 (1811,'2021-10-01',2,'Estoy algo a gusto.','605 833 798'),
	 (1812,'2021-10-01',3,'Me siento bastante a gusto con el trato recibido.','654 029 369'),
	 (1813,'2021-10-01',4,'Estoy muy a gusto con el servicio prestado.','653 486 057'),
	 (1814,'2021-10-01',5,'Me siento completamente a gusto con este servicio.','671 870 048'),
	 (1815,'2021-10-01',1,'Me siento poco a gusto.','728 880 835'),
	 (1816,'2021-10-01',2,'Estoy algo a gusto.','611 813 141'),
	 (1817,'2021-10-01',3,'Me siento bastante a gusto con el trato recibido.','620 754 072'),
	 (1818,'2021-10-01',4,'Estoy muy a gusto con el servicio prestado.','681 126 767'),
	 (1819,'2021-10-01',5,'Me siento completamente a gusto con este servicio.','634 924 941');
INSERT INTO KaraokeV3.ValoracionCritica (id_val,fec_val,puntuacion,comentario,telefono_cliente) VALUES
	 (1820,'2021-10-02',1,'Me siento poco a gusto.','661 110 977'),
	 (1821,'2021-10-02',2,'Estoy algo a gusto.','663 873 054'),
	 (1822,'2021-10-02',3,'Me siento bastante a gusto con el trato recibido.','666 568 772'),
	 (1823,'2021-10-02',4,'Estoy muy a gusto con el servicio prestado.','670 156 363'),
	 (1824,'2021-10-02',5,'Me siento completamente a gusto con este servicio.','607 769 886'),
	 (1825,'2021-10-02',1,'Me siento poco a gusto.','677 490 321'),
	 (1826,'2021-10-02',2,'Estoy algo a gusto.','725 976 306'),
	 (1827,'2021-10-02',3,'Me siento bastante a gusto con el trato recibido.','678 985 585'),
	 (1828,'2021-10-02',4,'Estoy muy a gusto con el servicio prestado.','622 223 772'),
	 (1829,'2021-10-02',5,'Me siento completamente a gusto con este servicio.','682 457 399');
INSERT INTO KaraokeV3.ValoracionCritica (id_val,fec_val,puntuacion,comentario,telefono_cliente) VALUES
	 (1830,'2021-10-02',1,'Me siento poco a gusto.','717 860 991'),
	 (1831,'2021-10-02',2,'Estoy algo a gusto.','729 143 711'),
	 (1832,'2021-10-02',3,'Me siento bastante a gusto con el trato recibido.','629 644 099'),
	 (1833,'2021-10-02',4,'Estoy muy a gusto con el servicio prestado.','768 910 077'),
	 (1834,'2021-10-02',5,'Me siento completamente a gusto con este servicio.','769 802 370'),
	 (1835,'2021-10-02',1,'Me siento poco a gusto.','786 053 584'),
	 (1836,'2021-10-02',2,'Estoy algo a gusto.','607 467 618'),
	 (1837,'2021-10-02',3,'Me siento bastante a gusto con el trato recibido.','622 647 641'),
	 (1838,'2021-10-02',4,'Estoy muy a gusto con el servicio prestado.','668 262 933'),
	 (1839,'2021-10-02',5,'Me siento completamente a gusto con este servicio.','781 303 036');
INSERT INTO KaraokeV3.ValoracionCritica (id_val,fec_val,puntuacion,comentario,telefono_cliente) VALUES
	 (1840,'2021-10-03',1,'Me siento poco a gusto.','772 961 035'),
	 (1841,'2021-10-03',2,'Estoy algo a gusto.','620 470 784'),
	 (1842,'2021-10-03',3,'Me siento bastante a gusto con el trato recibido.','685 342 863'),
	 (1843,'2021-10-03',4,'Estoy muy a gusto con el servicio prestado.','731 347 869'),
	 (1844,'2021-10-03',5,'Me siento completamente a gusto con este servicio.','793 446 169'),
	 (1845,'2021-10-03',1,'Me siento poco a gusto.','687 477 964'),
	 (1846,'2021-10-03',2,'Estoy algo a gusto.','637 675 921'),
	 (1847,'2021-10-03',3,'Me siento bastante a gusto con el trato recibido.','684 553 226'),
	 (1848,'2021-10-03',4,'Estoy muy a gusto con el servicio prestado.','611 518 508'),
	 (1849,'2021-10-03',5,'Me siento completamente a gusto con este servicio.','796 460 335');
INSERT INTO KaraokeV3.ValoracionCritica (id_val,fec_val,puntuacion,comentario,telefono_cliente) VALUES
	 (1850,'2021-10-03',1,'Me siento poco a gusto.','718 260 739'),
	 (1851,'2021-10-03',2,'Estoy algo a gusto.','762 071 985'),
	 (1852,'2021-10-03',3,'Me siento bastante a gusto con el trato recibido.','639 331 602'),
	 (1853,'2021-10-03',4,'Estoy muy a gusto con el servicio prestado.','754 047 162'),
	 (1854,'2021-10-03',5,'Me siento completamente a gusto con este servicio.','659 745 370'),
	 (1855,'2021-10-03',1,'Me siento poco a gusto.','764 899 395'),
	 (1856,'2021-10-03',2,'Estoy algo a gusto.','727 949 658'),
	 (1857,'2021-10-03',3,'Me siento bastante a gusto con el trato recibido.','766 269 427'),
	 (1858,'2021-10-03',4,'Estoy muy a gusto con el servicio prestado.','716 422 901'),
	 (1859,'2021-10-03',5,'Me siento completamente a gusto con este servicio.','651 824 336');
INSERT INTO KaraokeV3.ValoracionCritica (id_val,fec_val,puntuacion,comentario,telefono_cliente) VALUES
	 (1860,'2021-10-04',1,'Me siento poco a gusto.','684 614 990'),
	 (1861,'2021-10-04',2,'Estoy algo a gusto.','768 673 887'),
	 (1862,'2021-10-04',3,'Me siento bastante a gusto con el trato recibido.','756 445 404'),
	 (1863,'2021-10-04',4,'Estoy muy a gusto con el servicio prestado.','612 708 301'),
	 (1864,'2021-10-04',5,'Me siento completamente a gusto con este servicio.','712 077 929'),
	 (1865,'2021-10-04',1,'Me siento poco a gusto.','680 760 097'),
	 (1866,'2021-10-04',2,'Estoy algo a gusto.','670 229 878'),
	 (1867,'2021-10-04',3,'Me siento bastante a gusto con el trato recibido.','773 415 754'),
	 (1868,'2021-10-04',4,'Estoy muy a gusto con el servicio prestado.','760 346 167'),
	 (1869,'2021-10-04',5,'Me siento completamente a gusto con este servicio.','771 565 310');
INSERT INTO KaraokeV3.ValoracionCritica (id_val,fec_val,puntuacion,comentario,telefono_cliente) VALUES
	 (1870,'2021-10-04',1,'Me siento poco a gusto.','764 340 395'),
	 (1871,'2021-10-04',2,'Estoy algo a gusto.','745 003 190'),
	 (1872,'2021-10-04',3,'Me siento bastante a gusto con el trato recibido.','685 596 892'),
	 (1873,'2021-10-04',4,'Estoy muy a gusto con el servicio prestado.','796 198 962'),
	 (1874,'2021-10-04',5,'Me siento completamente a gusto con este servicio.','719 475 011'),
	 (1875,'2021-10-04',1,'Me siento poco a gusto.','748 641 515'),
	 (1876,'2021-10-04',2,'Estoy algo a gusto.','666 734 697'),
	 (1877,'2021-10-04',3,'Me siento bastante a gusto con el trato recibido.','609 321 219'),
	 (1878,'2021-10-04',4,'Estoy muy a gusto con el servicio prestado.','640 713 625'),
	 (1879,'2021-10-04',5,'Me siento completamente a gusto con este servicio.','729 077 265');
INSERT INTO KaraokeV3.ValoracionCritica (id_val,fec_val,puntuacion,comentario,telefono_cliente) VALUES
	 (1880,'2021-10-05',1,'Me siento poco a gusto.','725 128 225'),
	 (1881,'2021-10-05',2,'Estoy algo a gusto.','723 107 535'),
	 (1882,'2021-10-05',3,'Me siento bastante a gusto con el trato recibido.','783 326 607'),
	 (1883,'2021-10-05',4,'Estoy muy a gusto con el servicio prestado.','612 094 012'),
	 (1884,'2021-10-05',5,'Me siento completamente a gusto con este servicio.','748 353 397'),
	 (1885,'2021-10-05',1,'Me siento poco a gusto.','687 710 638'),
	 (1886,'2021-10-05',2,'Estoy algo a gusto.','740 824 903'),
	 (1887,'2021-10-05',3,'Me siento bastante a gusto con el trato recibido.','671 700 242'),
	 (1888,'2021-10-05',4,'Estoy muy a gusto con el servicio prestado.','757 496 155'),
	 (1889,'2021-10-05',5,'Me siento completamente a gusto con este servicio.','736 279 718');
INSERT INTO KaraokeV3.ValoracionCritica (id_val,fec_val,puntuacion,comentario,telefono_cliente) VALUES
	 (1890,'2021-10-05',1,'Me siento poco a gusto.','719 995 698'),
	 (1891,'2021-10-05',2,'Estoy algo a gusto.','605 228 190'),
	 (1892,'2021-10-05',3,'Me siento bastante a gusto con el trato recibido.','731 726 441'),
	 (1893,'2021-10-05',4,'Estoy muy a gusto con el servicio prestado.','605 890 199'),
	 (1894,'2021-10-05',5,'Me siento completamente a gusto con este servicio.','733 430 392'),
	 (1895,'2021-10-05',1,'Me siento poco a gusto.','694 777 737'),
	 (1896,'2021-10-05',2,'Estoy algo a gusto.','639 358 928'),
	 (1897,'2021-10-05',3,'Me siento bastante a gusto con el trato recibido.','600 887 021'),
	 (1898,'2021-10-05',4,'Estoy muy a gusto con el servicio prestado.','717 701 097'),
	 (1899,'2021-10-05',5,'Me siento completamente a gusto con este servicio.','749 495 043');
INSERT INTO KaraokeV3.ValoracionCritica (id_val,fec_val,puntuacion,comentario,telefono_cliente) VALUES
	 (1900,'2021-10-06',1,'Me siento poco a gusto.','749 382 778'),
	 (1901,'2021-10-06',2,'Estoy algo a gusto.','745 424 684'),
	 (1902,'2021-10-06',3,'Me siento bastante a gusto con el trato recibido.','630 634 661'),
	 (1903,'2021-10-06',4,'Estoy muy a gusto con el servicio prestado.','751 077 502'),
	 (1904,'2021-10-06',5,'Me siento completamente a gusto con este servicio.','720 186 785'),
	 (1905,'2021-10-06',1,'Me siento poco a gusto.','723 073 598'),
	 (1906,'2021-10-06',2,'Estoy algo a gusto.','618 518 721'),
	 (1907,'2021-10-06',3,'Me siento bastante a gusto con el trato recibido.','716 279 221'),
	 (1908,'2021-10-06',4,'Estoy muy a gusto con el servicio prestado.','711 244 345'),
	 (1909,'2021-10-06',5,'Me siento completamente a gusto con este servicio.','756 556 681');
INSERT INTO KaraokeV3.ValoracionCritica (id_val,fec_val,puntuacion,comentario,telefono_cliente) VALUES
	 (1910,'2021-10-06',1,'Me siento poco a gusto.','693 492 208'),
	 (1911,'2021-10-06',2,'Estoy algo a gusto.','718 939 522'),
	 (1912,'2021-10-06',3,'Me siento bastante a gusto con el trato recibido.','654 254 268'),
	 (1913,'2021-10-06',4,'Estoy muy a gusto con el servicio prestado.','788 084 181'),
	 (1914,'2021-10-06',5,'Me siento completamente a gusto con este servicio.','648 171 292'),
	 (1915,'2021-10-06',1,'Me siento poco a gusto.','625 211 862'),
	 (1916,'2021-10-06',2,'Estoy algo a gusto.','795 178 448'),
	 (1917,'2021-10-06',3,'Me siento bastante a gusto con el trato recibido.','778 416 024'),
	 (1918,'2021-10-06',4,'Estoy muy a gusto con el servicio prestado.','696 949 224'),
	 (1919,'2021-10-06',5,'Me siento completamente a gusto con este servicio.','794 808 100');
INSERT INTO KaraokeV3.ValoracionCritica (id_val,fec_val,puntuacion,comentario,telefono_cliente) VALUES
	 (1920,'2021-10-07',1,'Me siento poco a gusto.','772 076 270'),
	 (1921,'2021-10-07',2,'Estoy algo a gusto.','792 477 032'),
	 (1922,'2021-10-07',3,'Me siento bastante a gusto con el trato recibido.','785 990 470'),
	 (1923,'2021-10-07',4,'Estoy muy a gusto con el servicio prestado.','630 407 955'),
	 (1924,'2021-10-07',5,'Me siento completamente a gusto con este servicio.','677 984 872'),
	 (1925,'2021-10-07',1,'Me siento poco a gusto.','742 092 224'),
	 (1926,'2021-10-07',2,'Estoy algo a gusto.','609 653 973'),
	 (1927,'2021-10-07',3,'Me siento bastante a gusto con el trato recibido.','622 795 109'),
	 (1928,'2021-10-07',4,'Estoy muy a gusto con el servicio prestado.','608 200 834'),
	 (1929,'2021-10-07',5,'Me siento completamente a gusto con este servicio.','721 789 970');
INSERT INTO KaraokeV3.ValoracionCritica (id_val,fec_val,puntuacion,comentario,telefono_cliente) VALUES
	 (1930,'2021-10-07',1,'Me siento poco a gusto.','799 765 747'),
	 (1931,'2021-10-07',2,'Estoy algo a gusto.','646 624 713'),
	 (1932,'2021-10-07',3,'Me siento bastante a gusto con el trato recibido.','753 639 946'),
	 (1933,'2021-10-07',4,'Estoy muy a gusto con el servicio prestado.','743 323 599'),
	 (1934,'2021-10-07',5,'Me siento completamente a gusto con este servicio.','752 996 010'),
	 (1935,'2021-10-07',1,'Me siento poco a gusto.','621 367 640'),
	 (1936,'2021-10-07',2,'Estoy algo a gusto.','760 966 953'),
	 (1937,'2021-10-07',3,'Me siento bastante a gusto con el trato recibido.','684 778 893'),
	 (1938,'2021-10-07',4,'Estoy muy a gusto con el servicio prestado.','675 639 944'),
	 (1939,'2021-10-07',5,'Me siento completamente a gusto con este servicio.','729 002 315');
INSERT INTO KaraokeV3.ValoracionCritica (id_val,fec_val,puntuacion,comentario,telefono_cliente) VALUES
	 (1940,'2021-10-08',1,'Me siento poco a gusto.','660 298 603'),
	 (1941,'2021-10-08',2,'Estoy algo a gusto.','732 063 882'),
	 (1942,'2021-10-08',3,'Me siento bastante a gusto con el trato recibido.','632 446 146'),
	 (1943,'2021-10-08',4,'Estoy muy a gusto con el servicio prestado.','725 939 532'),
	 (1944,'2021-10-08',5,'Me siento completamente a gusto con este servicio.','787 249 425'),
	 (1945,'2021-10-08',1,'Me siento poco a gusto.','756 796 792'),
	 (1946,'2021-10-08',2,'Estoy algo a gusto.','655 109 906'),
	 (1947,'2021-10-08',3,'Me siento bastante a gusto con el trato recibido.','720 954 244'),
	 (1948,'2021-10-08',4,'Estoy muy a gusto con el servicio prestado.','665 578 460'),
	 (1949,'2021-10-08',5,'Me siento completamente a gusto con este servicio.','745 214 096');
INSERT INTO KaraokeV3.ValoracionCritica (id_val,fec_val,puntuacion,comentario,telefono_cliente) VALUES
	 (1950,'2021-10-08',1,'Me siento poco a gusto.','728 633 264'),
	 (1951,'2021-10-08',2,'Estoy algo a gusto.','787 637 545'),
	 (1952,'2021-10-08',3,'Me siento bastante a gusto con el trato recibido.','652 639 053'),
	 (1953,'2021-10-08',4,'Estoy muy a gusto con el servicio prestado.','799 596 334'),
	 (1954,'2021-10-08',5,'Me siento completamente a gusto con este servicio.','611 594 914'),
	 (1955,'2021-10-08',1,'Me siento poco a gusto.','781 151 505'),
	 (1956,'2021-10-08',2,'Estoy algo a gusto.','766 820 980'),
	 (1957,'2021-10-08',3,'Me siento bastante a gusto con el trato recibido.','685 888 835'),
	 (1958,'2021-10-08',4,'Estoy muy a gusto con el servicio prestado.','619 504 004'),
	 (1959,'2021-10-08',5,'Me siento completamente a gusto con este servicio.','636 288 615');
INSERT INTO KaraokeV3.ValoracionCritica (id_val,fec_val,puntuacion,comentario,telefono_cliente) VALUES
	 (1960,'2021-10-09',1,'Me siento poco a gusto.','768 714 901'),
	 (1961,'2021-10-09',2,'Estoy algo a gusto.','632 454 133'),
	 (1962,'2021-10-09',3,'Me siento bastante a gusto con el trato recibido.','626 390 162'),
	 (1963,'2021-10-09',4,'Estoy muy a gusto con el servicio prestado.','748 435 786'),
	 (1964,'2021-10-09',5,'Me siento completamente a gusto con este servicio.','797 669 396'),
	 (1965,'2021-10-09',1,'Me siento poco a gusto.','720 809 329'),
	 (1966,'2021-10-09',2,'Estoy algo a gusto.','685 856 129'),
	 (1967,'2021-10-09',3,'Me siento bastante a gusto con el trato recibido.','751 506 105'),
	 (1968,'2021-10-09',4,'Estoy muy a gusto con el servicio prestado.','780 095 641'),
	 (1969,'2021-10-09',5,'Me siento completamente a gusto con este servicio.','672 848 237');
INSERT INTO KaraokeV3.ValoracionCritica (id_val,fec_val,puntuacion,comentario,telefono_cliente) VALUES
	 (1970,'2021-10-09',1,'Me siento poco a gusto.','792 625 433'),
	 (1971,'2021-10-09',2,'Estoy algo a gusto.','726 815 515'),
	 (1972,'2021-10-09',3,'Me siento bastante a gusto con el trato recibido.','667 768 488'),
	 (1973,'2021-10-09',4,'Estoy muy a gusto con el servicio prestado.','792 607 618'),
	 (1974,'2021-10-09',5,'Me siento completamente a gusto con este servicio.','773 524 848'),
	 (1975,'2021-10-09',1,'Me siento poco a gusto.','790 698 320'),
	 (1976,'2021-10-09',2,'Estoy algo a gusto.','676 459 150'),
	 (1977,'2021-10-09',3,'Me siento bastante a gusto con el trato recibido.','784 018 729'),
	 (1978,'2021-10-09',4,'Estoy muy a gusto con el servicio prestado.','760 459 845'),
	 (1979,'2021-10-09',5,'Me siento completamente a gusto con este servicio.','620 662 941');
INSERT INTO KaraokeV3.ValoracionCritica (id_val,fec_val,puntuacion,comentario,telefono_cliente) VALUES
	 (1980,'2021-10-10',1,'Me siento poco a gusto.','674 177 832'),
	 (1981,'2021-10-10',2,'Estoy algo a gusto.','653 839 821'),
	 (1982,'2021-10-10',3,'Me siento bastante a gusto con el trato recibido.','763 232 106'),
	 (1983,'2021-10-10',4,'Estoy muy a gusto con el servicio prestado.','692 159 452'),
	 (1984,'2021-10-10',5,'Me siento completamente a gusto con este servicio.','685 018 264'),
	 (1985,'2021-10-10',1,'Me siento poco a gusto.','645 042 638'),
	 (1986,'2021-10-10',2,'Estoy algo a gusto.','731 552 779'),
	 (1987,'2021-10-10',3,'Me siento bastante a gusto con el trato recibido.','620 939 167'),
	 (1988,'2021-10-10',4,'Estoy muy a gusto con el servicio prestado.','719 096 984'),
	 (1989,'2021-10-10',5,'Me siento completamente a gusto con este servicio.','634 405 074');
INSERT INTO KaraokeV3.ValoracionCritica (id_val,fec_val,puntuacion,comentario,telefono_cliente) VALUES
	 (1990,'2021-10-10',1,'Me siento poco a gusto.','731 806 553'),
	 (1991,'2021-10-10',2,'Estoy algo a gusto.','613 542 566'),
	 (1992,'2021-10-10',3,'Me siento bastante a gusto con el trato recibido.','750 917 404'),
	 (1993,'2021-10-10',4,'Estoy muy a gusto con el servicio prestado.','613 538 660'),
	 (1994,'2021-10-10',5,'Me siento completamente a gusto con este servicio.','660 836 440'),
	 (1995,'2021-10-10',1,'Me siento poco a gusto.','678 773 997'),
	 (1996,'2021-10-10',2,'Estoy algo a gusto.','613 761 374'),
	 (1997,'2021-10-10',3,'Me siento bastante a gusto con el trato recibido.','767 206 308'),
	 (1998,'2021-10-10',4,'Estoy muy a gusto con el servicio prestado.','605 645 737'),
	 (1999,'2021-10-10',5,'Me siento completamente a gusto con este servicio.','795 305 972');
